Country,Code,Year,Homicide Rate
0,0,1987,0.21251516
0,0,1988,0.49715698
0,0,1989,0.42777455
0,0,1992,0.50841904
0,0,1993,1.4649278
0,0,1994,1.3302777
0,0,1995,2.3123906
0,0,1996,2.4875584
0,0,1997,12.290573
0,0,1998,5.8130655
0,0,1999,4.181209
0,0,2000,0.7246254
0,0,2001,2.0609462
0,0,2002,1.6938014
0,0,2003,1.7445644
0,0,2004,0.900428
0,0,2007,0.50065535
0,0,2008,0.6236585
0,0,2010,1.1190927
1,3,1961,3.4475625
1,3,1973,5.7875395
1,3,1977,3.0779648
1,3,1991,4.070998
1,3,1994,3.962593
1,3,2002,3.627131
1,3,2003,3.6248958
1,3,2004,7.256631
1,3,2009,3.6258159
2,1,1966,1.1818719
2,1,1967,1.7521081
2,1,1968,1.9428668
2,1,1969,2.3690674
2,1,1970,2.251953
2,1,1977,2.6493242
2,1,1978,2.1271956
2,1,1979,1.3143308
2,1,1980,1.2353032
2,1,1981,1.329904
2,1,1982,1.6074283
2,1,1983,1.3641217
2,1,1984,1.7017756
2,1,1985,1.7175941
2,1,1986,2.0729725
2,1,1987,2.35247
2,1,1988,2.3421855
2,1,1989,2.7457523
2,1,1990,2.0749135
2,1,1991,1.6701546
2,1,1992,2.0180104
2,1,1993,1.8532932
2,1,1994,1.8810688
2,1,1995,1.8439021
2,1,1996,2.2906373
2,1,1997,2.3686345
2,1,1998,2.1699753
2,1,1999,2.30204
2,1,2000,2.6666224
2,1,2001,3.2624426
2,1,2002,3.5657713
2,1,2003,3.1956139
2,1,2004,2.5676267
2,1,2005,2.373674
2,1,2006,2.173368
2,1,2007,1.8316021
2,1,2008,2.1916938
2,1,2009,2.1869268
2,1,2010,1.9902661
2,1,2011,2.3693504
2,1,2012,2.3363094
2,1,2013,2.550932
2,1,2014,2.5465868
2,1,2015,2.4434192
2,1,2016,1.9963133
2,1,2017,1.6923169
2,1,2018,1.6023188
2,1,2019,1.47297
3,2,1981,0.4574827
3,2,1985,0.15375485
3,2,1986,0.38363916
3,2,1987,0.15288135
3,2,1988,0.5337302
3,2,1989,0.45007405
3,2,1990,0.87885946
3,2,1991,0.86481065
3,2,1992,5.2507257
3,2,1993,1.7351301
3,2,1994,0.61998296
3,2,1995,1.3441062
3,2,1996,0.64182174
3,2,1997,0.16311458
3,2,1998,0.4157513
3,2,1999,0.6807914
3,2,2000,0.17489581
3,2,2001,0.09005099
3,2,2002,0.4621901
3,2,2003,0.3789271
3,2,2007,0.32174066
3,2,2008,0.2219342
3,2,2009,0.5732946
3,2,2010,0.23735322
3,2,2011,0.36899143
3,2,2012,0.25385413
3,2,2013,0.12997884
3,2,2015,0.26610324
3,2,2016,0.26812923
3,2,2017,0.26994926
3,2,2018,0.13581678
3,2,2019,0.27296934
4,4,1950,0.84329027
4,4,1951,0.7052885
4,4,1952,1.0528368
4,4,1953,0.65506655
4,4,1954,0.6950028
4,4,1955,0.73060495
4,4,1956,0.73411804
4,4,1957,0.7098101
4,4,1958,0.93471664
4,4,1959,0.692509
4,4,1960,0.6711326
4,4,1961,0.7518808
4,4,1962,0.8055219
4,4,1963,0.9769646
4,4,1964,1.1892744
4,4,1965,0.8680453
4,4,1966,0.6731654
4,4,1967,0.73197156
4,4,1968,0.74567014
4,4,1969,0.7342702
4,4,1970,1.0143988
4,4,1971,1.1531408
4,4,1972,0.8289128
4,4,1973,1.1412821
4,4,1974,0.9546143
4,4,1975,0.8920315
4,4,1976,0.87177396
4,4,1977,1.485948
4,4,1978,0.83298194
4,4,1979,0.8550029
4,4,1980,1.195371
4,4,1981,0.936073
4,4,1982,1.1934975
4,4,1983,0.89517397
4,4,1984,1.0748382
4,4,1985,1.1531523
4,4,1986,1.1096507
4,4,1987,1.1433729
4,4,1988,1.1167532
4,4,1989,1.0519891
4,4,1990,1.1847149
4,4,1991,1.0104355
4,4,1992,0.68174094
4,4,1993,1.2489126
4,4,1994,0.9753911
4,4,1995,0.93358934
4,4,1996,1.0073138
4,4,1997,0.965417
4,4,1998,0.94280666
4,4,1999,0.7847504
4,4,2000,0.9885847
4,4,2001,0.8312034
4,4,2002,0.6773119
4,4,2003,0.7693988
4,4,2004,0.393011
4,4,2006,0.72165614
4,4,2007,0.4571366
4,4,2008,0.5770582
4,4,2009,0.5881292
4,4,2010,0.5658635
4,4,2011,0.38608995
4,4,2012,0.6419238
4,4,2013,0.41097888
4,4,2014,0.47397602
4,4,2015,0.61944157
4,4,2016,0.6616367
4,4,2017,0.31057596
4,4,2018,0.45291114
4,4,2019,0.25683072
4,4,2020,0.47998133
5,5,1955,1.4195875
5,5,1956,1.8422394
5,5,1957,1.196478
5,5,1958,1.1816018
5,5,1959,0.8014483
5,5,1960,1.4710753
5,5,1961,1.2855539
5,5,1962,0.7101802
5,5,1963,0.5150481
5,5,1964,0.9716568
5,5,1965,1.0458015
5,5,1966,1.427115
5,5,1967,1.0139202
5,5,1968,0.8313076
5,5,1969,1.0849404
5,5,1970,1.3356225
5,5,1971,0.6842721
5,5,1972,0.89197654
5,5,1973,0.93132967
5,5,1974,1.0596722
5,5,1975,0.9386691
5,5,1976,0.6029197
5,5,1977,0.7834507
5,5,1978,0.6176737
5,5,1979,0.8068022
5,5,1980,0.9550981
5,5,1981,0.5524839
5,5,1982,0.7485184
5,5,1983,1.3377537
5,5,1984,1.0245917
5,5,1985,0.94594425
5,5,1986,0.86300856
5,5,1987,0.9319771
5,5,1988,0.63308036
5,5,1989,0.9087289
5,5,1990,1.3982103
5,5,1991,0.96745116
5,5,1992,0.74845576
5,5,1993,0.90498024
5,5,1994,0.53254944
5,5,1995,0.8006264
5,5,1996,1.1221623
5,5,1997,0.6955952
5,5,1998,0.96525097
5,5,1999,0.6989097
5,5,2000,0.7564427
5,5,2001,0.7080606
5,5,2002,0.43867466
5,5,2003,0.5505535
5,5,2004,0.6072366
5,5,2005,0.7748819
5,5,2006,0.66766554
5,5,2007,0.5044498
5,5,2008,0.28246227
5,5,2009,0.22799532
5,5,2010,0.17264467
5,5,2011,0.5229563
5,5,2012,0.29304424
5,5,2013,0.118031844
5,5,2014,0.118485585
5,5,2015,0.29441345
5,5,2016,0.4084748
5,5,2017,0.40729454
5,5,2018,0.5236665
5,5,2019,0.34896544
5,5,2020,0.34910837
6,6,1981,0.59521586
6,6,1982,0.53027874
6,6,1985,0.39337426
6,6,1986,0.6497893
6,6,1987,0.8981642
6,6,1988,0.79028994
6,6,1989,0.34357134
6,6,1990,1.45092
6,6,1991,0.91339993
6,6,1992,23.4985
6,6,1993,22.414206
6,6,1994,32.253284
6,6,1995,4.0588927
6,6,1996,2.4693687
6,6,1997,1.9741429
6,6,1998,2.3995712
6,6,1999,2.5610504
6,6,2000,1.0167178
6,6,2001,0.66196907
6,6,2002,0.8189633
6,6,2003,0.8878075
6,6,2004,0.7719602
6,6,2007,0.031585757
7,10,1975,2.9354782
7,10,1979,3.7959669
7,10,1980,2.837765
7,10,1981,3.7689981
7,10,1984,6.4903154
7,10,1985,8.286911
7,10,1987,7.2390327
7,10,1993,6.773691
7,10,1994,5.8591623
7,10,1995,4.1422276
7,10,1996,8.204724
7,10,1997,11.38415
7,10,1998,9.659191
7,10,1999,4.792447
7,10,2000,7.1595626
7,10,2001,3.9686635
7,10,2002,7.1312547
7,10,2003,7.115637
7,10,2004,4.7293997
7,10,2005,5.4983897
7,10,2006,7.0361423
7,10,2007,10.863661
7,10,2008,6.1507235
7,10,2009,8.377123
7,10,2010,6.0730743
7,10,2011,3.814639
7,10,2012,9.999077
7,10,2013,11.684063
7,10,2014,12.635237
7,10,2015,7.9946914
8,9,1997,0.3773243
8,9,1998,0.3731984
8,9,1999,0.37032923
8,9,2001,0.3680286
8,9,2012,0.31314096
8,9,2014,0.29454386
9,15,1962,0.90732574
9,15,1964,0.88568467
9,15,1966,0.87346923
9,15,1967,2.6130128
9,15,1968,2.6124895
9,15,1971,1.75852
9,15,1972,1.77104
9,15,1973,2.679289
9,15,1974,1.8045819
9,15,1975,4.5668354
9,15,1976,1.8527439
9,15,1978,0.95711184
9,15,1979,3.8978376
9,15,1980,1.9902279
9,15,1981,4.073071
9,15,1982,2.0814254
9,15,1983,2.1225564
9,15,1984,1.0798087
9,15,1985,3.289185
9,15,1987,1.1248974
9,15,1989,6.8925905
9,15,1990,4.651704
9,15,1991,7.0809827
9,15,1992,8.38233
9,15,1993,1.2145208
9,15,1994,4.922229
9,15,1995,1.2453611
9,15,2000,1.2868191
9,15,2001,3.8764699
9,15,2002,7.7914996
9,15,2003,5.2344375
9,15,2004,3.957836
9,15,2005,1.328992
9,15,2006,4.0116606
9,15,2007,2.683123
9,15,2008,4.0214477
9,15,2009,1.3410399
9,15,2010,5.3987665
9,15,2011,1.3636054
10,12,1981,0.9410803
10,12,1982,1.5065627
10,12,1985,1.1158824
10,12,1986,1.1083833
10,12,1987,1.6815223
10,12,1988,1.3476561
10,12,1989,1.4986174
10,12,1990,1.4313169
10,12,1991,1.6243383
10,12,1992,1.8225898
10,12,1993,2.1233773
10,12,1994,2.306017
10,12,1995,2.4020016
10,12,1996,2.6756918
10,12,1997,2.5249941
10,12,1998,1.9200472
10,12,1999,2.1101656
10,12,2000,2.090801
10,12,2001,1.5822713
10,12,2002,2.05732
10,12,2003,1.5654647
10,12,2007,0.7825918
10,12,2008,0.852284
10,12,2009,0.72604525
10,12,2010,0.58998066
10,12,2011,0.6459634
10,12,2013,0.64764744
10,12,2014,0.5441482
10,12,2018,0.09527185
11,7,1954,0.3621267
11,7,1955,0.5568436
11,7,1956,0.23560262
11,7,1957,0.34861115
11,7,1958,0.30560175
11,7,1959,0.41397488
11,7,1960,0.2958358
11,7,1961,0.43427172
11,7,1962,0.4248302
11,7,1963,0.4521481
11,7,1964,0.37690982
11,7,1965,0.5072177
11,7,1966,0.60400355
11,7,1967,0.23424995
11,7,1968,0.5347538
11,7,1969,0.400806
11,7,1970,0.5004369
11,7,1971,0.5663901
11,7,1972,0.59978825
11,7,1973,0.33426327
11,7,1974,0.6053177
11,7,1975,0.4748554
11,7,1976,0.2740333
11,7,1977,0.3808152
11,7,1978,0.2801984
11,7,1979,0.92213523
11,7,1980,0.82599634
11,7,1981,0.290949
11,7,1982,0.6633905
11,7,1983,0.7479177
11,7,1984,1.0644182
11,7,1985,1.1591883
11,7,1986,1.3323709
11,7,1987,0.9117635
11,7,1988,0.84022784
11,7,1989,0.6451868
11,7,1990,0.40604767
11,7,1991,0.8166979
11,7,1992,0.8610598
11,7,1993,0.9045643
11,7,1994,0.6179505
11,7,1995,0.78336465
11,7,1996,0.86575377
11,7,1997,0.9069274
11,7,1998,0.9073471
11,7,1999,1.6514179
11,7,2000,1.1156601
11,7,2001,1.0336425
11,7,2002,0.9101048
11,7,2003,1.1165837
11,7,2004,0.86671925
11,7,2005,0.9458026
11,7,2006,0.81880164
11,7,2007,1.1002812
11,7,2008,0.851538
11,7,2009,0.4438573
11,7,2010,0.4819852
11,7,2011,0.48017228
11,7,2012,0.6781235
11,7,2013,0.59617233
11,7,2014,0.5142334
11,7,2015,0.51159936
11,7,2016,0.19588155
11,7,2017,0.42932257
11,7,2018,0.505724
12,13,1991,1.9554547
12,13,1997,1.7440593
12,13,1998,6.8285604
12,13,1999,6.6803055
12,13,2000,5.7203097
12,13,2001,3.9942164
12,13,2002,3.9007342
12,13,2003,5.3395576
12,13,2004,5.2251673
12,13,2005,5.1165853
12,13,2006,7.162811
12,13,2007,0.7026172
12,13,2008,3.450346
12,13,2009,8.146197
12,13,2010,14.105699
12,13,2011,12.693492
12,13,2012,10.636884
12,13,2013,8.602663
12,13,2014,7.247666
12,13,2015,8.532255
12,13,2016,10.465178
13,11,1986,0.065737315
13,11,1987,0.06633772
14,14,1979,2.2492216
14,14,1980,3.0110216
14,14,1981,3.1185956
14,14,1982,3.0429904
14,14,1983,3.582799
14,14,1984,4.041527
14,14,1985,4.4843802
14,14,1986,4.777183
14,14,1987,5.118348
14,14,1988,5.1069393
14,14,1989,6.585063
14,14,1990,7.333966
14,14,1991,6.790585
14,14,1992,5.997788
14,14,1993,6.872417
14,14,1994,7.3949175
14,14,1995,8.445504
14,14,1996,8.77197
14,14,1997,9.429162
14,14,1998,10.164696
14,14,1999,10.418745
14,14,2000,11.538467
14,14,2001,12.075576
14,14,2002,12.623808
14,14,2003,12.658211
14,14,2004,12.0512295
14,14,2005,12.218638
14,14,2006,12.388144
14,14,2007,12.11585
14,14,2008,12.42925
14,14,2009,12.660868
14,14,2010,13.205783
14,14,2011,13.624329
14,14,2012,15.676363
14,14,2013,16.366524
14,14,2014,17.464739
14,14,2015,16.772326
14,14,2016,17.81466
14,14,2017,18.498344
14,14,2018,15.403228
14,14,2019,11.152962
15,16,1996,1.4412545
15,16,1998,0.69595236
15,16,2000,2.044112
15,16,2004,0.6811432
15,16,2005,0.68598866
15,16,2012,0.72719866
16,8,1964,0.7008427
16,8,1965,0.9236606
16,8,1966,1.0770344
16,8,1967,0.78473634
16,8,1968,0.78709376
16,8,1969,1.1238418
16,8,1970,0.6358468
16,8,1971,1.1577272
16,8,1972,1.1204076
16,8,1973,1.1208748
16,8,1974,0.96943086
16,8,1975,0.8183388
16,8,1976,0.5204198
16,8,1977,0.5948767
16,8,1978,0.744684
16,8,1979,0.7839334
16,8,1980,0.97532064
16,8,1981,0.75599647
16,8,1982,1.6003213
16,8,1983,0.5377494
16,8,1984,1.2014353
16,8,1985,1.1341438
16,8,1986,0.82785994
16,8,1987,0.7548798
16,8,1988,0.9642078
16,8,1989,0.9784736
16,8,1990,1.1182181
16,8,1991,1.1376032
16,8,1992,1.2878023
16,8,1993,1.5789453
16,8,1994,1.3521992
16,8,1995,1.11629
16,8,1996,1.2497356
16,8,1997,1.0950509
16,8,1998,1.4959419
16,8,1999,1.0133404
16,8,2000,1.2090343
16,8,2001,1.2433559
16,8,2002,1.0456477
16,8,2003,0.77565265
16,8,2004,0.79562044
16,8,2005,0.43861437
16,8,2006,0.3845089
16,8,2007,0.523626
16,8,2008,0.7344688
16,8,2009,0.8163343
16,8,2010,0.48468935
16,8,2011,0.56347036
16,8,2012,0.5007755
16,8,2013,0.5810516
16,8,2014,0.5153315
16,8,2015,0.2973226
16,8,2016,0.14985561
16,8,2017,0.3766711
16,8,2018,0.60491675
16,8,2019,0.30517602
17,17,1950,0.44516248
17,17,1951,0.59933466
17,17,1952,0.7944049
17,17,1953,0.8004144
17,17,1954,0.61997133
17,17,1955,0.67838836
17,17,1956,0.73127246
17,17,1957,0.5674847
17,17,1958,0.8044544
17,17,1959,0.58357495
17,17,1960,0.6602575
17,17,1961,0.45833752
17,17,1962,0.7017824
17,17,1963,0.5358421
17,17,1964,0.56166613
17,17,1965,0.79279935
17,17,1966,0.723983
17,17,1967,0.8600465
17,17,1968,0.73978394
17,17,1969,0.9035819
17,17,1970,1.1120888
17,17,1971,1.189985
17,17,1972,1.1101741
17,17,1973,1.1633302
17,17,1974,1.2768247
17,17,1975,1.3681202
17,17,1976,1.270196
17,17,1977,1.2577877
17,17,1978,1.2842673
17,17,1979,1.5717214
17,17,1980,0.7883693
17,17,1981,1.3283784
17,17,1982,1.2798116
17,17,1983,1.1277555
17,17,1984,1.2083158
17,17,1985,1.1817487
17,17,1986,1.2286924
17,17,1987,1.1214715
17,17,1988,0.7702704
17,17,1989,1.2508569
17,17,1990,1.1743277
17,17,1991,1.2162302
17,17,1992,1.0390873
17,17,1993,0.83984
17,17,1994,1.0868771
17,17,1995,0.892364
17,17,1996,1.1892034
17,17,1997,0.94936985
17,17,1998,0.99917054
17,17,1999,0.8128887
17,17,2000,0.9522207
17,17,2001,0.9664134
17,17,2002,1.0063232
17,17,2003,0.80770266
17,17,2004,0.886425
17,17,2005,1.0411737
17,17,2006,1.1193699
17,17,2007,1.1198184
17,17,2008,1.1060294
17,17,2009,1.2956405
17,17,2010,0.9783028
17,17,2011,0.97904676
17,17,2012,0.67429835
17,17,2013,0.69958687
17,17,2014,0.6224569
17,17,2015,0.5443901
17,17,2016,0.4781397
17,17,2017,0.67458093
17,17,2018,0.44660607
17,17,2019,0.55523235
18,21,1980,1.0744543
18,21,2011,5.7169995
19,19,1955,0.6129201
19,19,1956,0.871936
19,19,1957,1.1719898
19,19,1958,1.119671
19,19,1959,1.1965542
19,19,1960,1.1951259
19,19,1961,1.4371642
19,19,1962,0.47686273
19,19,1963,0.86419684
19,19,1964,1.0306256
19,19,1965,0.31472102
19,19,1966,1.5246085
19,19,1967,0.5873572
19,19,1968,1.9516573
19,19,1969,1.4181163
19,19,1970,1.2551776
19,19,1971,1.1182879
19,19,1972,1.2929097
19,19,1973,1.1603703
19,19,1974,0.78840995
19,19,1975,0.8038472
19,19,1976,0.7999526
19,19,1977,0.69716895
19,19,1978,0.8732364
19,19,1979,0.89029205
19,19,1980,1.0854264
19,19,1981,1.083167
19,19,1982,0.9632436
19,19,1983,1.1382169
19,19,1984,1.0381173
19,19,1985,0.80110186
19,19,1986,0.8957328
19,19,1987,0.65917677
19,19,1988,1.041768
19,19,1989,1.055133
19,19,1990,1.029307
19,19,1991,1.0788565
19,19,1992,0.8648375
19,19,1993,0.65415037
19,19,1994,0.98524183
19,19,1995,1.1104007
19,19,1996,1.1620255
19,19,1997,0.9754821
19,19,1998,1.1035433
19,19,1999,0.9754316
19,19,2000,2.5444982
19,19,2001,2.2001758
19,19,2002,2.3003354
19,19,2003,1.9194462
19,19,2004,1.8751175
19,19,2005,2.2101982
19,19,2006,2.4375892
19,19,2007,1.9202402
19,19,2008,1.8392503
19,19,2009,2.596417
19,19,2010,2.0875142
19,19,2011,2.087073
19,19,2012,2.1463318
19,19,2013,1.901566
19,19,2014,2.0179517
19,19,2015,2.0930982
19,19,2016,1.4850557
19,19,2017,1.054191
19,19,2018,0.888714
20,20,1953,6.59537
20,20,1954,5.167311
20,20,1955,8.189278
20,20,1956,10.675334
20,20,1957,9.036288
20,20,1958,11.60938
20,20,1959,8.592044
20,20,1960,7.440145
20,20,1961,7.5392895
20,20,1962,7.0841665
20,20,1963,6.970743
20,20,1964,5.573949
20,20,1965,5.128079
20,20,1966,4.353892
20,20,1967,4.433136
20,20,1968,3.413272
20,20,1969,2.892082
20,20,1972,3.7941566
20,20,1974,4.3590574
20,20,1975,3.5671942
20,20,1976,3.7220147
20,20,1977,4.606129
20,20,1984,6.383465
20,20,1985,8.516963
20,20,1986,9.518205
20,20,1987,10.406139
20,20,1988,13.512414
20,20,1989,16.600952
20,20,1990,20.875662
20,20,1991,25.514631
20,20,1992,25.34469
20,20,1993,26.239773
20,20,1994,27.269388
20,20,1995,23.557579
20,20,1996,23.64443
20,20,1997,20.779501
20,20,1998,22.233013
20,20,1999,23.629984
20,20,2000,24.967615
20,20,2001,25.753956
20,20,2002,26.301216
20,20,2003,17.508762
20,20,2004,15.348147
20,20,2005,13.372601
20,20,2006,12.790674
20,20,2007,11.420619
20,20,2008,11.337844
20,20,2009,14.675962
20,20,2010,14.8668
20,20,2011,14.307464
20,20,2012,13.750832
20,20,2013,13.354591
20,20,2014,12.299517
20,20,2015,11.372407
20,20,2016,10.243218
20,20,2017,10.095765
20,20,2018,9.382368
20,20,2019,10.208338
21,22,1961,0.5157996
21,22,1962,0.49591798
21,22,1963,0.3581525
21,22,1964,0.4607557
21,22,1965,0.8913043
21,22,1966,0.7564321
21,22,1967,0.63075167
21,22,1968,0.4105499
21,22,1969,1.0049443
21,22,1970,1.182287
21,22,1971,1.2574832
21,22,1972,1.2367572
21,22,1973,1.2181295
21,22,1974,0.73889214
21,22,1975,1.3660953
21,22,1976,2.155457
21,22,1977,0.8856368
21,22,1978,1.0480075
21,22,1979,0.7748728
21,22,1980,3.0551064
21,22,1981,1.4218957
21,22,1982,1.1534519
21,22,1983,1.4595296
21,22,1984,1.0362917
21,22,1985,1.4871786
21,22,1986,1.9196982
21,22,1987,1.8826591
21,22,1988,0.88575137
21,22,1989,1.8807367
21,22,1990,1.418142
21,22,1991,0.9038379
21,22,1992,1.1596583
21,22,1993,1.2726873
21,22,1994,0.9878371
21,22,1995,1.2321397
21,22,1996,1.3435838
21,22,1997,1.5178509
21,22,1998,1.5035436
21,22,1999,1.8658643
21,22,2000,2.0412936
21,22,2001,1.6028289
21,22,2002,1.2322313
21,22,2003,2.6545749
21,22,2004,2.2929256
21,22,2005,2.3052356
21,22,2006,1.6300521
21,22,2007,2.0188637
21,22,2008,2.6015706
21,22,2009,3.7649474
21,22,2010,4.045705
21,22,2011,4.4607444
21,22,2012,2.3427434
21,22,2013,2.7518735
21,22,2014,3.2991083
21,22,2015,3.4554112
21,22,2016,4.4173455
21,22,2017,3.1012936
21,22,2018,3.5993185
21,22,2019,2.7391012
21,22,2020,3.3908532
22,46,1985,0.9840664
22,46,1986,1.139132
22,46,1987,0.99115205
22,46,1988,0.6890253
22,46,1989,0.84683585
22,46,1990,0.38766482
22,46,1991,1.1002077
22,46,1992,1.7639385
22,46,1993,1.3827423
22,46,1994,1.5579517
22,46,1995,0.998268
22,46,1996,0.59252787
22,46,1997,0.7736485
22,46,1998,1.4883388
22,46,1999,0.53632534
22,46,2000,0.9145357
22,46,2001,0.37414017
22,46,2002,0.47770047
22,46,2003,0.2928009
22,46,2004,0.09967437
22,46,2005,0.40623036
22,46,2006,0.30970746
22,46,2007,0.4194732
22,46,2008,0.63825715
22,46,2009,0.75365984
22,46,2010,0.6535129
22,46,2011,0.5519739
22,46,2012,0.11189938
22,46,2013,0.22675428
22,46,2014,0.34518746
22,46,2015,0.117070794
22,46,2016,0.7166421
22,46,2017,0.73179567
22,46,2019,0.25281924
23,23,1964,2.2542527
23,23,1968,1.9992768
23,23,1969,1.4442161
23,23,1970,1.9456127
23,23,1971,1.9604318
23,23,1972,1.7479877
23,23,1973,2.1470046
23,23,1974,2.1107404
23,23,1975,1.6466357
23,23,1976,1.4403671
23,23,1977,1.6962187
23,23,1992,2.945098
23,23,1993,2.707399
23,23,1994,2.484209
23,23,1995,3.0946124
23,23,1996,2.1740077
23,23,1997,2.0947747
23,23,1998,1.8756987
23,23,1999,1.1639773
23,23,2000,1.581097
23,23,2001,1.8042463
23,23,2002,1.7425942
23,23,2003,2.0447402
23,23,2004,1.5061553
23,23,2005,1.8877329
23,23,2006,1.6787982
23,23,2007,1.568543
23,23,2008,1.5966811
23,23,2009,1.5930083
23,23,2010,1.4438802
23,23,2011,1.6889423
23,23,2012,1.5634655
23,23,2013,1.6558964
23,23,2014,1.5187396
23,23,2015,1.3397986
23,23,2016,1.7006468
23,23,2017,1.3690983
23,23,2018,1.0298787
23,23,2019,0.96370256
24,24,2005,0.3396739
24,24,2006,0.3404719
24,24,2008,0.3469885
24,24,2010,0.35934383
24,24,2011,1.464901
24,24,2012,0.37204733
24,24,2014,0.38083196
24,24,2015,0.38325924
24,24,2018,1.5360866
25,25,1986,0.7123683
25,25,1987,0.5841495
25,25,1988,0.5853626
25,25,1989,0.52197295
25,25,1990,1.0168759
25,25,1991,1.0239066
25,25,1992,1.1011926
25,25,1993,1.220822
25,25,1994,1.249816
25,25,1995,1.0019994
25,25,1996,0.48083574
25,25,1997,0.42058465
25,25,1998,0.6717759
25,25,1999,0.6123264
25,25,2000,0.714452
25,25,2001,0.6880729
25,25,2002,0.4820069
25,25,2003,0.3119908
25,25,2004,0.40752748
25,25,2005,0.22970541
25,25,2006,0.13958767
25,25,2007,0.51656264
25,25,2008,0.23617648
25,25,2009,0.2370883
25,25,2010,0.14262772
25,25,2011,0.33467153
25,25,2012,0.3371031
25,25,2013,0.5813917
25,25,2014,0.24269935
25,25,2015,0.19325286
25,25,2016,0.23968722
25,25,2017,0.3800038
25,25,2018,0.28233021
25,25,2019,0.32632178
25,25,2020,0.27756047
26,28,1951,2.031669
26,28,1952,1.7350737
26,28,1953,1.9235618
26,28,1954,1.2920907
26,28,1955,0.7411854
26,28,1956,1.7365054
26,28,1957,0.9941307
26,28,1958,0.9219048
26,28,1959,0.5239206
26,28,1960,0.91216916
26,28,1961,0.38885188
26,28,1962,0.77522784
26,28,1963,1.1614904
26,28,1964,0.7100063
26,28,1965,0.64706033
26,28,1966,0.5837079
26,28,1967,0.5852958
26,28,1968,0.71822244
26,28,1969,0.78652424
26,28,1970,0.46032098
26,28,1971,0.6583465
26,28,1972,0.5919491
26,28,1973,1.1185962
26,28,1974,0.32950667
26,28,1975,0.46193156
26,28,1976,0.6621512
26,28,1977,0.599649
26,28,1978,0.33547544
26,28,1979,0.94660026
26,28,1980,1.2293402
26,28,1981,1.2458566
26,28,1982,0.63288426
26,28,1983,0.93166053
26,28,1984,1.025017
26,28,1985,0.8231993
26,28,1986,1.2250549
26,28,1987,0.62529993
26,28,1988,0.9514537
26,28,1989,0.87962353
26,28,1990,0.72353256
26,28,1991,0.80809647
26,28,1992,0.5683936
26,28,1993,1.3019891
26,28,1994,0.56936073
26,28,1995,0.5685473
26,28,1996,0.6479391
26,28,1997,0.32217923
26,28,1998,0.640455
26,28,1999,0.31821394
26,28,2000,0.7892498
26,28,2001,0.3909674
26,28,2002,0.38729817
26,28,2003,0.99746644
26,28,2004,0.15200618
26,28,2005,0.7538829
26,28,2006,0.2994931
26,28,2007,0.6699085
26,28,2008,0.6668692
26,28,2009,0.29568872
26,28,2010,0.44335052
26,28,2011,0.6661461
26,28,2012,0.07436736
26,28,2013,0.37443984
26,28,2014,0.22648227
26,28,2015,0.38047582
26,28,2016,0.38266203
26,28,2017,0.8451267
26,28,2018,0.30830607
27,27,1981,2.6146524
27,27,1992,3.3798628
27,27,1994,3.5079103
27,27,1997,3.6225321
27,27,2002,3.8188345
27,27,2003,3.8837967
27,27,2004,3.9597688
27,27,2010,17.743868
28,29,1965,0.8718172
28,29,1966,1.3919381
28,29,1967,1.144844
28,29,1968,1.0330242
28,29,1969,0.580063
28,29,1970,2.1102612
28,29,1971,1.5456707
28,29,1972,0.7562548
28,29,1973,1.3053306
28,29,1974,0.899781
28,29,1975,0.6119637
28,29,1976,0.5684767
28,29,1977,0.55976236
28,29,1978,1.0711024
28,29,1979,0.7686937
28,29,1980,0.6321822
28,29,1981,0.43674484
28,29,1982,1.01679
28,29,1983,0.76091945
28,29,1984,0.9020777
28,29,1985,0.80249906
28,29,1986,1.1169447
28,29,1987,1.5697063
28,29,1988,1.5801088
28,29,1989,1.6737503
28,29,1990,1.6242682
28,29,1991,1.1338583
28,29,1992,1.2569261
28,29,1994,1.042882
28,29,1995,0.954202
28,29,1996,0.9730254
28,29,1997,1.8026147
28,29,1998,1.8971549
28,29,1999,1.8109137
28,29,2000,1.5450741
28,29,2001,1.0255646
28,29,2002,0.8678528
28,29,2003,1.0674531
28,29,2004,1.393157
28,29,2005,2.1469927
28,29,2006,1.7140518
28,29,2007,1.4348181
28,29,2008,1.7092526
28,29,2009,2.3086429
28,29,2010,3.1064973
28,29,2011,2.5267568
28,29,2012,3.2240634
28,29,2013,5.445302
28,29,2014,5.343999
28,29,2015,5.7171974
28,29,2016,5.16634
28,29,2017,5.1386075
28,29,2018,3.9615583
29,30,1966,3.338087
29,30,1967,3.3621583
29,30,1968,0.8699575
29,30,1969,1.2683595
29,30,1970,1.3515337
29,30,1971,1.3157737
29,30,1972,1.1423709
29,30,1973,1.683723
29,30,1974,1.3508338
29,30,1975,1.6027435
29,30,1977,1.1103895
29,30,1978,1.3272645
29,30,1979,1.2987972
29,30,1980,1.5723009
29,30,1981,1.4499688
29,30,1982,1.8216004
29,30,1983,1.7653743
29,30,1984,1.8826518
29,30,1985,1.9750456
29,30,1986,2.663024
29,30,1987,2.1916616
29,30,1988,2.1760423
29,30,1989,2.8498664
29,30,1990,2.5945299
29,30,1991,2.7102227
29,30,1992,3.1070082
29,30,1993,2.8263252
29,30,1994,2.737124
29,30,1995,3.4677193
29,30,1996,3.6263144
29,30,1997,3.3566797
29,30,1998,4.6587887
29,30,1999,3.9179106
29,30,2000,4.366664
29,30,2001,4.2796884
29,30,2002,4.51895
29,30,2003,3.3062854
29,30,2004,4.827169
29,30,2005,4.782672
29,30,2006,4.143956
29,30,2007,4.10646
29,30,2008,3.9714384
29,30,2009,3.3482692
29,30,2010,4.2269187
29,30,2011,3.5925748
29,30,2012,2.6271658
29,30,2013,2.1702116
29,30,2014,1.7663714
29,30,2015,1.6377168
29,30,2016,1.477962
29,30,2017,1.3019745
29,30,2018,1.2682388
29,30,2019,1.683935
29,30,2020,1.2688384
30,31,1965,0.27523795
30,31,1973,0.83815736
30,31,1974,0.61677945
30,31,1975,0.66342384
30,31,1976,0.7317393
30,31,1977,0.82937706
30,31,1978,0.5489248
30,31,1979,0.47166806
30,31,1980,0.24305944
30,31,1987,0.11773065
30,31,2000,0.035014413
30,31,2001,0.049083956
30,31,2002,0.0485832
30,31,2003,0.0509559
30,31,2004,0.061744306
30,31,2005,0.04732502
30,31,2006,0.044187292
30,31,2007,0.038340114
30,31,2008,0.056986485
30,31,2009,0.021486685
30,31,2010,0.05036856
30,31,2011,0.080846414
30,31,2012,0.0947576
30,31,2013,0.12046507
30,31,2014,0.1178438
30,31,2015,0.036024816
30,31,2016,0.030602025
30,31,2017,0.11795645
30,31,2018,0.03413481
30,31,2019,0.0313997
31,93,1990,6.8585563
31,93,1991,6.3373594
31,93,1992,8.055028
31,93,1993,10.646028
31,93,1995,14.487951
31,93,1996,16.483498
31,93,1997,13.6543865
31,93,1998,13.815904
31,93,1999,12.621279
31,93,2000,11.271392
31,93,2001,11.572028
31,93,2002,9.876201
31,93,2003,11.725656
31,93,2004,15.350065
31,93,2005,21.086657
31,93,2006,22.593924
31,93,2007,19.531054
31,93,2008,17.86618
31,93,2009,28.515087
31,93,2010,25.747454
31,93,2011,29.202757
31,93,2012,16.982927
31,93,2013,16.959177
31,93,2014,25.775223
31,93,2015,37.792667
31,93,2016,36.440758
31,93,2017,23.467875
31,93,2018,14.779289
32,33,1981,1.6425447
32,33,1982,2.330861
32,33,1985,2.4931834
32,33,1986,2.2417402
32,33,1987,3.0971806
32,33,1988,1.0921943
32,33,1989,2.608259
32,33,1990,2.833627
32,33,1991,2.4201941
32,33,1992,4.7435117
32,33,1993,6.5638795
32,33,1994,3.6329641
32,33,1995,4.4839697
32,33,1996,3.835248
32,33,1997,2.619042
32,33,1998,2.678086
32,33,1999,2.494436
32,33,2000,3.157644
32,33,2001,1.7643582
32,33,2002,2.1093423
32,33,2003,1.8542441
32,33,2004,1.5850875
32,33,2005,1.6223127
32,33,2006,1.326603
32,33,2007,1.6928723
32,33,2008,1.3809961
32,33,2009,0.35194662
32,33,2010,0.3579931
32,33,2011,0.3626197
32,33,2012,1.4676045
32,33,2013,0.74045825
32,33,2015,0.36978284
32,33,2016,0.3672555
32,33,2017,0.3645577
32,33,2018,0.36093265
32,33,2019,0.3569236
33,35,1978,0.6146565
33,35,2001,0.26368874
33,35,2002,1.8529646
33,35,2003,1.3285646
33,35,2005,0.2676688
33,35,2008,0.26977956
33,35,2009,0.54133207
34,34,1952,1.9336251
34,34,1953,2.4085083
34,34,1954,2.121141
34,34,1955,1.7836165
34,34,1956,2.1236873
34,34,1957,2.0387995
34,34,1958,1.4879402
34,34,1959,1.0655553
34,34,1960,2.1134005
34,34,1961,1.1700196
34,34,1962,1.4566193
34,34,1963,1.2137241
34,34,1964,1.2694522
34,34,1965,1.2781959
34,34,1966,1.4146322
34,34,1967,0.8982364
34,34,1968,1.2799033
34,34,1969,0.93604445
34,34,1970,1.217891
34,34,1971,1.5045897
34,34,1972,1.9273957
34,34,1973,1.0141035
34,34,1974,0.8927866
34,34,1975,1.3929487
34,34,1976,1.4128265
34,34,1977,1.3594754
34,34,1978,0.72320753
34,34,1979,0.8044599
34,34,1980,1.1831362
34,34,1981,0.74636614
34,34,1982,1.2026982
34,34,1983,0.90764487
34,34,1984,1.3710724
34,34,1985,0.9213844
34,34,1986,1.4722371
34,34,1987,1.2523628
34,34,1988,0.5522325
34,34,1989,1.265956
34,34,1990,1.1062078
34,34,1991,1.0224603
34,34,1992,0.9372642
34,34,1993,1.0845685
34,34,1994,0.6162246
34,34,1995,1.1542865
34,34,1996,0.848516
34,34,1997,0.6196406
34,34,1998,0.38915956
34,34,1999,0.625839
34,34,2000,1.4155095
34,34,2001,0.55361134
34,34,2002,1.3541101
34,34,2003,0.40162158
34,34,2004,0.64713764
34,34,2005,0.56900716
34,34,2006,0.488937
34,34,2007,1.3045399
34,34,2008,0.48963603
34,34,2009,0.57206833
34,34,2011,1.313368
34,34,2012,1.0704743
34,34,2013,0.41310877
34,34,2014,0.74634355
34,34,2015,0.33327863
34,34,2016,0.08368019
34,34,2017,0.58839303
34,34,2018,0.2537073
34,34,2019,0.25573638
35,36,1950,0.42737678
35,36,1951,0.42210427
35,36,1952,0.36290243
35,36,1953,0.40392545
35,36,1954,0.3307481
35,36,1955,0.3554947
35,36,1956,0.4518289
35,36,1957,0.5659901
35,36,1958,0.38007137
35,36,1959,0.71181625
35,36,1960,0.48089564
35,36,1961,0.5163894
35,36,1962,0.51167494
35,36,1963,0.425738
35,36,1964,0.47413638
35,36,1965,0.43529865
35,36,1966,0.47934756
35,36,1967,0.49629626
35,36,1968,0.4718762
35,36,1969,0.31454718
35,36,1970,0.27809012
35,36,1971,0.2834673
35,36,1972,0.41464606
35,36,1973,0.25764203
35,36,1974,0.44302806
35,36,1975,0.3901314
35,36,1976,0.32575518
35,36,1977,0.37602636
35,36,1978,0.4388118
35,36,1979,0.508176
35,36,1980,0.5403414
35,36,1981,0.38131872
35,36,1982,0.54222727
35,36,1983,0.69291216
35,36,1984,0.6037725
35,36,1985,0.4443576
35,36,1986,0.5344866
35,36,1987,0.5683299
35,36,1988,0.5199656
35,36,1989,0.5607855
35,36,1990,0.46179542
35,36,1991,0.45923355
35,36,1992,0.45741823
35,36,1993,0.57464343
35,36,1994,0.5866478
35,36,1995,0.46913403
35,36,1996,0.61090904
35,36,1997,0.43690372
35,36,1998,0.38345295
35,36,1999,0.37660703
35,36,2000,0.61176425
35,36,2001,0.5444089
35,36,2002,0.5173138
35,36,2003,0.40225294
35,36,2004,0.34740707
35,36,2005,0.43954113
35,36,2006,0.49792367
35,36,2007,0.2912625
35,36,2008,0.34333736
35,36,2009,0.39521983
35,36,2010,0.26946205
35,36,2011,0.38046446
35,36,2012,0.3077588
35,36,2013,0.37875757
35,36,2014,0.2342695
35,36,2015,0.29867384
35,36,2016,0.2531647
36,43,1977,3.6125863
36,43,2001,1.290023
36,43,2002,1.2361703
36,43,2003,2.3720572
36,43,2004,1.1413311
36,43,2005,1.1005459
36,43,2006,3.2099295
36,43,2007,2.100333
36,43,2008,1.0297601
36,43,2009,6.0444875
36,43,2010,1.9785134
36,43,2011,0.9773165
36,43,2012,1.9282126
36,43,2013,1.8881105
36,43,2015,1.8041911
36,43,2016,1.7677995
37,38,1981,0.7758515
37,38,1982,0.4451344
37,38,1985,0.7883531
37,38,1986,0.16888726
37,38,1987,0.22459532
37,38,1988,1.1198089
37,38,1989,1.2945538
37,38,1990,0.6263905
37,38,1991,0.23042297
37,38,1992,0.058489382
37,38,1994,0.061547212
37,38,1996,0.13056706
37,38,1997,0.20220716
37,38,1998,1.2542759
37,38,1999,1.0107646
37,38,2000,0.30012974
37,38,2001,0.54587066
37,38,2004,0.76137495
37,38,2005,0.0867743
37,38,2006,0.17824088
37,38,2007,0.091537625
37,38,2009,0.3837247
37,38,2010,0.09835318
37,38,2012,0.3098012
37,38,2013,0.10491066
37,38,2014,0.31585065
37,38,2015,0.31356382
37,38,2016,0.41425923
37,38,2017,0.7187493
37,38,2018,0.3054887
37,38,2019,0.20211002
37,38,2020,0.4016895
38,26,1990,0.70373726
38,26,1991,0.7634186
38,26,1992,0.6713917
38,26,1993,0.70403713
38,26,1994,0.75296503
38,26,1995,0.6935034
38,26,1996,0.71510786
38,26,1997,0.5031003
38,26,1998,0.6583051
38,26,1999,0.6435959
38,26,2000,0.53222704
38,26,2001,0.5198257
38,26,2002,0.4607304
38,26,2003,0.4182215
38,26,2004,0.41067833
38,26,2005,0.39072806
38,26,2006,0.38308993
38,26,2007,0.49451113
38,26,2008,0.38071853
38,26,2009,0.40541384
38,26,2010,0.4761517
38,26,2011,0.34937793
38,26,2012,0.49107057
38,26,2013,0.37314603
38,26,2014,0.32014433
38,26,2015,0.47898188
38,26,2016,0.25815073
38,26,2017,0.27651197
38,26,2018,0.30800986
38,26,2019,0.2936725
38,26,2020,0.30568478
39,40,1961,0.5887448
39,40,1962,0.59202546
39,40,1963,0.38535458
39,40,1964,0.3173676
39,40,1965,0.56840545
39,40,1966,0.32226613
39,40,1967,0.43263027
39,40,1968,0.2899386
39,40,1969,0.36389917
39,40,1970,0.1458183
39,40,1971,0.43741995
39,40,1972,0.25511515
39,40,1973,0.4735585
39,40,1974,0.18178222
39,40,1975,0.18113835
39,40,1976,0.2162926
39,40,1977,0.35804898
39,40,1978,0.0709921
39,40,1979,0.24596383
39,40,1980,0.24325405
39,40,1981,0.27524665
39,40,1982,0.3417594
39,40,1983,0.44270524
39,40,1984,0.13619868
39,40,1985,0.23921736
39,40,1986,0.37858346
39,40,1987,0.2086582
39,40,1988,0.4578877
39,40,1989,0.17854299
39,40,1990,0.3623165
39,40,1991,0.4777794
39,40,1992,0.1117053
39,40,1993,0.45248783
39,40,1994,0.34387842
39,40,1995,0.2713132
39,40,1996,0.51148176
39,40,1997,0.4793879
39,40,1998,0.2435408
39,40,1999,0.45443052
39,40,2000,0.12635776
39,40,2001,0.12876073
39,40,2002,0.30557078
39,40,2003,0.35465616
39,40,2004,0.17965634
39,40,2005,0.31752095
39,40,2006,0.22842565
39,40,2007,0.4133856
39,40,2008,0.23065007
39,40,2009,0.231279
39,40,2010,0.23121719
39,40,2011,0.23128596
39,40,2012,0.37135738
39,40,2013,0.41975048
39,40,2014,0.14070839
39,40,2015,0.3775512
39,40,2016,0.23738332
39,40,2017,0.525412
39,40,2018,0.28852105
39,40,2019,0.38789138
40,41,1993,2.1248565
40,41,1996,2.1333334
40,41,2005,2.2907407
40,41,2012,2.6091268
40,41,2013,2.618418
40,41,2016,2.6157467
40,41,2017,2.6099439
41,39,1981,1.9429674
41,39,2001,0.74507874
41,39,2002,1.5109506
41,39,2004,0.78159195
41,39,2005,0.7967747
41,39,2006,0.80725235
41,39,2008,3.277023
41,39,2009,2.486078
41,39,2010,2.5213263
41,39,2011,2.5614972
41,39,2012,1.7262511
41,39,2013,1.7376195
41,39,2014,2.6356943
41,39,2015,0.89121
41,39,2016,0.90474814
42,42,1963,1.8576282
42,42,1964,2.7209215
42,42,1965,1.5987359
42,42,1966,2.3822415
42,42,1967,2.700226
42,42,1968,2.4212952
42,42,1969,2.3559384
42,42,1970,3.0027673
42,42,1971,2.8602428
42,42,1974,1.6584004
42,42,1977,1.3631158
42,42,1979,5.6414466
42,42,1980,6.517063
42,42,1981,14.042339
42,42,1984,0.5504112
42,42,1986,3.8537853
42,42,1987,4.8385167
42,42,1988,4.547797
42,42,1989,4.12636
42,42,1990,3.2347949
42,42,1991,4.186249
42,42,1992,3.3385825
42,42,1993,3.8406115
42,42,1994,4.4562583
42,42,1995,4.3974485
42,42,1996,4.6309237
42,42,1997,6.9870677
42,42,1998,6.4310613
42,42,1999,4.557911
42,42,2000,5.433326
42,42,2001,5.9586
42,42,2002,8.339148
42,42,2003,9.648376
42,42,2004,9.735779
42,42,2005,11.159014
42,42,2006,10.635633
42,42,2007,10.064923
42,42,2008,11.883356
42,42,2009,13.300337
42,42,2010,11.942938
42,42,2011,9.2342005
42,42,2012,7.6133795
42,42,2013,9.091503
42,42,2014,9.580953
42,42,2015,9.412999
42,42,2016,9.575602
42,42,2017,10.016753
42,42,2018,7.678423
42,42,2019,7.3604274
42,42,2020,4.1820984
43,44,1988,1.8954881
43,44,1989,2.2039356
43,44,1990,0.83930874
43,44,1991,0.8489517
43,44,1992,0.8533321
43,44,1993,0.85463023
43,44,1994,0.5703726
43,44,1995,0.5709897
43,44,1997,0.85829544
43,44,1998,0.2863705
43,44,1999,2.0064666
43,44,2001,1.4359646
43,44,2002,3.4498422
43,44,2003,3.4606266
43,44,2004,2.6101635
43,44,2005,2.9201088
43,44,2006,3.8283374
43,44,2007,2.3800669
43,44,2008,2.7103944
43,44,2009,1.8328949
43,44,2010,2.7948835
43,44,2011,2.8496523
43,44,2012,2.5743754
43,44,2013,3.891833
43,44,2014,5.5388126
44,45,1955,0.28149745
44,45,1956,0.97297084
44,45,1957,0.083232276
44,45,1958,0.5479006
44,45,1959,0.14735743
44,45,1960,0.2781067
44,45,1961,0.46077672
44,45,1962,0.12525019
44,45,1963,0.23965743
44,45,1964,0.86445713
44,45,1965,0.16732556
44,45,1966,0.6529802
44,45,1967,0.6423319
44,45,1968,1.0074723
44,45,1969,0.5288353
44,45,1970,0.8490041
44,45,1971,1.061116
44,45,1972,1.0533522
44,45,1973,1.7772955
44,45,1974,1.3513668
44,45,1975,0.2591635
44,45,1976,2.3356361
44,45,1977,0.6262914
44,45,1978,0.63239473
44,45,1979,0.6397005
44,45,1980,0.91782004
44,45,1981,1.1483957
44,45,1982,1.3846533
44,45,1983,1.0108941
44,45,1984,1.1381562
44,45,1985,1.2652789
44,45,1986,0.92670244
44,45,1987,0.58250177
44,45,1988,1.2305868
44,45,1989,0.7663572
44,45,1990,1.6017845
44,45,1991,1.2546377
44,45,1992,0.6022072
44,45,1993,0.6077911
44,45,1994,0.5525028
44,45,1995,0.74432683
44,45,1996,1.1165955
44,45,1997,0.8599963
44,45,1998,0.67257553
44,45,1999,1.2281429
44,45,2000,0.43475777
44,45,2001,0.5667367
44,45,2002,1.2143764
44,45,2003,1.3021265
44,45,2004,0.13326697
44,45,2005,0.959687
44,45,2006,0.42260754
44,45,2007,0.07168695
44,45,2008,0.36379272
44,45,2009,1.0400053
44,45,2010,0.6854907
44,45,2011,0.31102
44,45,2012,0.23537534
44,45,2013,0.31564537
44,45,2014,0.23945576
44,45,2015,0.3250925
44,45,2016,0.16492805
44,45,2017,0.083023585
45,47,1955,1.1670243
45,47,1956,1.2839372
45,47,1957,1.2864797
45,47,1958,0.9162812
45,47,1959,1.6760792
45,47,1960,0.8849115
45,47,1961,1.684295
45,47,1962,1.2328168
45,47,1963,1.0877007
45,47,1964,1.411302
45,47,1965,1.169517
45,47,1966,1.523092
45,47,1967,1.1794941
45,47,1968,1.8603344
45,47,1969,1.5493702
45,47,1970,1.3016587
45,47,1971,1.4124678
45,47,1972,1.788635
45,47,1973,1.572938
45,47,1974,1.4887493
45,47,1975,1.0886557
45,47,1976,1.6681964
45,47,1977,0.95011425
45,47,1978,1.7881187
45,47,1979,1.3078545
45,47,1980,1.4371158
45,47,1981,1.4698327
45,47,1982,1.4352369
45,47,1983,1.3358144
45,47,1984,0.8367501
45,47,1985,1.3746331
45,47,1986,1.1756842
45,47,1987,1.2151747
45,47,1988,1.8375909
45,47,1989,1.0304837
45,47,1990,1.0733548
45,47,1991,0.69663256
45,47,1992,0.6314367
45,47,1993,1.098507
45,47,1994,0.75673115
45,47,1995,1.033684
45,47,1996,1.1367645
45,47,1997,0.9331369
45,47,1998,1.1563178
45,47,1999,0.9807836
45,47,2000,0.8777484
45,47,2001,0.5124771
45,47,2002,1.2625922
45,47,2003,0.7073427
45,47,2004,0.7624002
45,47,2005,0.5461059
45,47,2006,1.1998104
45,47,2007,0.9341425
45,47,2008,0.8977908
45,47,2009,0.5735293
45,47,2010,0.5330818
45,47,2011,0.49079442
45,47,2012,0.4470126
45,47,2013,0.45356777
45,47,2014,0.2040859
45,47,2015,0.6702724
45,47,2016,0.6760861
45,47,2017,0.5225649
45,47,2018,0.9423664
45,47,2019,0.57621974
46,51,1953,4.990352
46,51,1957,1.4647722
46,51,1964,1.2076712
46,51,1974,1.1357055
46,51,1978,1.1623042
46,51,1980,1.1712208
46,51,1983,1.1706723
46,51,1985,1.1851852
46,51,1992,1.1620206
46,51,2000,1.1491743
46,51,2001,1.1484616
46,51,2002,1.1512249
46,51,2004,1.1515298
46,51,2011,1.1148148
46,51,2013,1.1198208
47,49,2013,0.8731838
47,49,2014,0.766632
47,49,2015,0.39490646
47,49,2016,1.7107841
48,50,2008,4.7525883
48,50,2015,1.1966634
48,50,2016,0.93521637
49,48,1950,0.6608418
49,48,1951,0.27914688
49,48,1952,0.18520217
49,48,1953,0.46634308
49,48,1954,0.18772238
49,48,1955,0.2829252
49,48,1957,0.1887861
49,48,1958,0.37519756
49,48,1959,0.46479547
49,48,1960,0.18336663
49,48,1961,0.09036077
49,48,1962,0.26863572
49,48,1963,0.17800689
49,48,1964,0.5303333
49,48,1965,0.26309234
49,48,1966,0.43605933
49,48,1967,0.43521783
49,48,1968,0.347889
49,48,1969,0.086342216
49,48,1970,0.34097022
49,48,1971,0.33619124
49,48,1972,0.49649104
49,48,1973,0.24457751
49,48,1974,0.24104595
49,48,1975,0.7128713
49,48,1976,0.15615143
49,48,1977,0.5384893
49,48,1978,0.53018856
49,48,1979,0.44841105
49,48,1980,0.07400621
49,48,1981,2.5745137
49,48,1982,0.14682756
49,48,1983,0.073462486
49,48,1984,0.14733648
49,48,1985,0.0739517
49,48,1986,0.29753715
49,48,1987,0.7517
49,48,1988,0.4579656
49,48,1989,0.15513076
49,48,1990,0.23539677
49,48,1991,0.07912419
49,48,1992,0.39986628
49,48,1993,0.4053743
49,48,1994,0.082253486
49,48,1995,0.24997583
49,48,1996,0.3369088
49,48,1997,0.25504717
49,48,1998,0.5146853
49,48,1999,0.34642893
49,48,2000,1.0491418
49,48,2001,0.61687106
49,48,2002,0.44274625
49,48,2003,0.35438058
49,48,2004,0.17674965
49,48,2005,0.43950403
49,48,2006,0.6084914
49,48,2007,0.42595607
49,48,2008,0.16647467
49,48,2009,0.24525413
49,48,2010,0.1614605
49,48,2011,0.2398279
49,48,2012,0.15851176
49,48,2013,0.07864319
49,48,2014,0.23411766
49,48,2015,0.07745741
50,52,1975,0.90766656
50,52,1976,0.6148297
50,52,1977,0.53654474
50,52,1978,0.8588636
50,52,1979,1.498342
50,52,1980,0.7714219
50,52,1981,0.57042605
50,52,1982,0.24951625
50,52,1983,1.285178
50,52,1984,0.29941374
50,52,1985,0.93677527
50,52,1986,0.45719066
50,52,1987,0.6691973
50,52,1988,0.6528882
50,52,1989,0.7962713
50,52,1990,0.36320713
50,52,1991,0.6604768
50,52,1992,0.14952168
50,52,1993,0.88205504
50,52,1994,0.43463165
50,52,1995,0.42882055
50,52,1996,0.14092486
50,52,1997,0.13886459
50,52,1998,0.18241642
50,52,1999,0.9438601
50,52,2000,1.3743005
50,52,2001,2.9747388
50,52,2002,3.8424525
50,52,2003,2.0880697
50,52,2004,1.3882158
50,52,2005,0.95533043
50,52,2006,1.1889275
50,52,2007,0.7673949
50,52,2008,1.0730854
50,52,2009,0.7037636
50,52,2010,0.88349473
50,52,2011,0.71648633
50,52,2012,0.7027573
50,52,2013,0.76146907
50,52,2014,0.74647504
50,52,2015,0.41745898
50,52,2016,0.714699
50,52,2017,0.5004345
50,52,2018,0.45889857
51,53,1951,0.78240836
51,53,1952,0.64493036
51,53,1953,0.67202026
51,53,1954,0.64882576
51,53,1955,0.6816343
51,53,1956,0.6886032
51,53,1957,0.6699312
51,53,1958,0.6398687
51,53,1959,0.56655914
51,53,1960,0.4422484
51,53,1961,0.472329
51,53,1962,0.40786362
51,53,1963,0.4597884
51,53,1964,0.3820788
51,53,1965,0.39537603
51,53,1966,0.2852687
51,53,1967,0.42072588
51,53,1968,0.41438568
51,53,1969,0.33683744
51,53,1970,0.38915324
51,53,1971,0.48821715
51,53,1972,0.385864
51,53,1973,0.4756277
51,53,1974,0.43795696
51,53,1975,0.48778674
51,53,1976,0.470135
51,53,1977,0.53404987
51,53,1978,0.576417
51,53,1979,0.53401524
51,53,1980,0.5737246
51,53,1981,0.49173704
51,53,1982,0.6081023
51,53,1983,0.5149921
51,53,1984,0.48889437
51,53,1985,0.5587901
51,53,1986,0.40845254
51,53,1987,0.41238546
51,53,1988,0.457261
51,53,1989,0.6320902
51,53,1990,0.9248397
51,53,1991,0.87489414
51,53,1992,0.59332705
51,53,1993,0.43137762
51,53,1994,0.37654382
51,53,1995,0.41912594
51,53,1996,0.4017825
51,53,1997,0.36448133
51,53,1998,0.36033952
51,53,1999,0.38182724
51,53,2000,0.2953205
51,53,2001,0.32456043
51,53,2002,0.31734362
51,53,2003,0.31787646
51,53,2004,0.37160406
51,53,2005,0.2708066
51,53,2006,0.2785659
51,53,2007,0.26778364
51,53,2008,0.2747067
51,53,2009,0.32634133
51,53,2010,0.22893406
51,53,2011,0.17630462
51,53,2012,0.22093138
51,53,2013,0.09757563
51,53,2014,0.2854782
51,53,2015,0.13477606
51,53,2016,0.18121865
51,53,2017,0.17376468
52,54,1960,2.2823124
52,54,1961,0.70495844
52,54,1965,0.21728219
52,54,1967,1.1471729
52,54,1977,0.5428459
52,54,1980,0.2695539
52,54,1981,0.17922898
52,54,1982,0.0891822
52,54,1983,0.44314572
52,54,1984,0.7933661
52,54,1985,0.2637395
52,54,1986,0.08790753
52,54,1987,0.8809137
52,54,1988,0.08836334
52,54,1990,0.08893632
52,54,2000,0.17336115
52,54,2001,0.08737234
52,54,2002,0.17635673
52,54,2003,0.08907876
52,54,2004,0.09004669
52,54,2005,15.3073635
52,54,2006,0.18452653
52,54,2009,16.718885
52,54,2010,0.29470387
52,54,2011,10.494816
52,54,2012,0.30561164
52,54,2013,0.20808472
52,54,2014,0.10649083
53,56,1950,2.252354
53,56,1951,1.9298979
53,56,1952,1.8209448
53,56,1953,1.8768597
53,56,1954,1.8807064
53,56,1955,1.9447769
53,56,1956,1.6916642
53,56,1957,1.7141708
53,56,1958,1.7890185
53,56,1959,1.6621437
53,56,1960,1.6370753
53,56,1961,1.4564453
53,56,1962,1.3664008
53,56,1963,1.3490106
53,56,1964,1.3967113
53,56,1965,1.3016714
53,56,1966,1.3381624
53,56,1967,1.3262522
53,56,1968,1.4998702
53,56,1969,1.3163295
53,56,1970,1.4671373
53,56,1971,1.4145417
53,56,1972,1.4072708
53,56,1973,1.466672
53,56,1974,1.6373734
53,56,1975,1.6780695
53,56,1976,1.64721
53,56,1977,1.5946548
53,56,1978,1.5739813
53,56,1979,1.2106252
53,56,1980,1.1599938
53,56,1981,1.0661637
53,56,1982,1.0419649
53,56,1983,1.2075728
53,56,1984,1.0440897
53,56,1985,0.7902275
53,56,1986,0.8189872
53,56,1987,0.7440873
53,56,1988,0.79260385
53,56,1989,0.6876015
53,56,1990,0.5427189
53,56,1991,0.52012765
53,56,1992,0.6675846
53,56,1993,0.59590554
53,56,1994,0.5474942
53,56,1995,0.4519275
53,56,1996,0.50658035
53,56,1997,0.5360331
53,56,1998,0.6300475
53,56,1999,0.46749517
53,56,2000,0.5257556
53,56,2001,0.48090667
53,56,2002,0.478617
53,56,2003,0.52936304
53,56,2004,0.4248628
53,56,2005,0.37600535
53,56,2006,0.43502837
53,56,2007,0.28555563
53,56,2008,0.44270614
53,56,2009,0.27702835
53,56,2010,0.29602954
53,56,2011,0.24087846
53,56,2012,0.25134504
53,56,2013,0.23975223
53,56,2014,0.24178381
53,56,2015,0.20788404
53,56,2016,0.17339657
53,56,2017,0.17553799
53,56,2018,0.09374855
53,56,2019,0.16198368
54,55,2008,0.94181734
54,55,2009,0.9898941
54,55,2010,0.6095745
54,55,2011,0.74847966
54,55,2012,0.56585324
54,55,2015,0.7694182
54,55,2016,0.51790076
54,55,2017,0.4006156
54,55,2018,0.17592773
55,57,1981,2.1824343
55,57,1982,1.9412394
55,57,1985,1.6892164
55,57,1986,1.4096091
55,57,1987,1.7021582
55,57,1988,1.589674
55,57,1989,2.2691758
55,57,1990,2.260938
55,57,1991,2.218553
55,57,1992,3.4218214
55,57,1993,2.8785698
55,57,1994,3.4979763
55,57,1995,3.0501666
55,57,1996,3.0608652
55,57,1997,3.0937595
55,57,1998,2.9467118
55,57,1999,2.90518
55,57,2000,2.812105
55,57,2001,3.0291553
55,57,2002,2.3576696
55,57,2003,2.8808632
55,57,2004,3.0102894
55,57,2005,2.7544706
55,57,2006,2.1974907
55,57,2007,2.6047003
55,57,2008,2.0705936
55,57,2009,1.586801
55,57,2010,1.6103264
55,57,2011,1.4139793
55,57,2012,1.3066576
55,57,2013,1.0598505
55,57,2014,0.8525587
55,57,2015,0.6509467
55,57,2016,0.5215123
55,57,2017,0.6200964
55,57,2018,0.5585868
55,57,2019,0.27247196
55,57,2020,0.36853495
56,61,1972,1.2166511
56,61,1975,0.5038917
56,61,1976,0.15867475
56,61,1977,0.6044396
56,61,1978,0.28823468
56,61,1980,0.1318456
56,61,1981,0.12694754
56,61,1982,0.24538612
56,61,1983,0.11858598
56,61,1984,0.9183474
56,61,1985,0.8907972
56,61,1986,0.3221293
56,61,1987,0.30877635
56,61,1993,0.80900806
56,61,1994,0.58600676
56,61,1995,0.7581064
56,61,1996,0.2957027
56,61,1997,0.572686
56,61,1998,0.98107505
56,61,1999,0.6924498
56,61,2000,0.5513211
56,61,2001,1.1030314
56,61,2002,0.83082813
56,61,2003,0.69746584
56,61,2004,0.70433843
56,61,2005,0.41675523
56,61,2006,0.2659762
56,61,2007,0.25478193
56,61,2008,0.36938897
56,61,2009,0.5983402
56,61,2010,0.34870625
56,61,2011,0.110939644
56,61,2012,0.31352615
56,61,2013,0.09886425
56,61,2014,0.19264649
56,61,2015,0.46815383
56,61,2016,0.45571873
56,61,2017,0.2694844
56,61,2018,0.26139942
56,61,2019,0.4277383
57,58,1981,1.9739591
57,58,1982,1.2438732
57,58,1985,0.5203309
57,58,1986,0.87325567
57,58,1987,1.2641023
57,58,1988,1.1927646
57,58,1989,0.68466353
57,58,1990,2.3073874
57,58,1991,1.1798563
57,58,1992,1.7211512
57,58,1993,1.6608322
57,58,1994,1.4181458
57,58,1995,1.1298726
57,58,1996,0.9836526
57,58,1997,1.0638797
57,58,1998,0.7920186
57,58,1999,1.356252
57,58,2000,1.1332482
57,58,2001,0.82663435
57,58,2002,1.087418
57,58,2003,0.91400677
57,58,2004,0.95886344
57,58,2005,1.048268
57,58,2006,0.87572384
57,58,2007,0.7899449
57,58,2008,0.6145426
57,58,2009,0.7004015
57,58,2010,0.5224749
57,58,2011,0.90664494
57,58,2012,0.38421196
57,58,2013,0.7577639
57,58,2014,0.5796245
57,58,2015,0.65089893
57,58,2016,0.3995787
57,58,2017,0.43108043
57,58,2018,0.23015675
57,58,2019,0.37520763
58,67,1980,1.4096022
58,67,1981,1.5493045
58,67,1982,0.2809186
58,67,1983,2.09231
58,67,1984,1.6570741
58,67,1985,2.3222268
58,67,1986,1.4858038
58,67,1987,0.9353462
58,67,1988,2.3856037
58,67,1989,1.849325
58,67,1990,1.3231837
58,67,1991,2.1306686
58,67,1992,2.5587606
58,67,1993,4.7891345
58,67,1994,2.653965
58,67,1995,3.4357128
58,67,1996,3.2373793
58,67,1997,5.7596354
58,67,1998,2.0324917
58,67,1999,1.6135565
58,67,2000,2.8308187
58,67,2001,3.267794
58,67,2002,2.6696851
58,67,2003,1.6621634
58,67,2004,1.9209639
58,67,2005,2.19514
58,67,2006,0.8281093
58,67,2007,1.5022556
58,67,2008,1.1075473
58,67,2009,0.6843097
58,67,2010,0.9419655
58,67,2011,0.48665354
58,67,2012,0.75116616
58,67,2013,1.2770349
58,67,2014,1.0316032
58,67,2015,0.51693213
58,67,2016,0.5152793
58,67,2017,0.25641093
58,67,2018,0.25575316
58,67,2019,1.0257462
58,67,2020,0.2583819
59,62,2019,0.1905318
60,65,1981,2.0794382
60,65,1982,2.0876164
60,65,1985,1.8014545
60,65,1986,2.1485777
60,65,1987,1.7796096
60,65,1988,0.88594204
60,65,1989,1.5034496
60,65,1990,1.3268383
60,65,1991,1.4183455
60,65,1992,2.4036515
60,65,1993,2.1530108
60,65,1994,2.997387
60,65,1995,1.9369156
60,65,1996,2.9084823
60,65,1997,2.5815384
60,65,1998,3.0256684
60,65,1999,2.0957875
60,65,2000,1.8411893
60,65,2001,2.5255582
60,65,2002,1.7378138
60,65,2003,1.9103248
60,65,2004,2.7953556
60,65,2005,1.9336141
60,65,2006,1.2554187
60,65,2007,1.0439802
60,65,2008,1.0829617
60,65,2009,1.2600471
60,65,2010,0.57934743
60,65,2011,0.89977956
60,65,2012,0.77590716
60,65,2013,0.960521
60,65,2014,0.98459274
60,65,2015,0.5019912
60,65,2016,0.6806379
60,65,2017,0.86432815
60,65,2018,0.35099974
60,65,2019,0.3560987
60,65,2020,0.1802955
61,66,1967,1.0181744
61,66,1968,1.0119
61,66,1969,2.013754
61,66,1970,1.0035022
61,66,1972,0.9938777
61,66,1973,0.9961846
61,66,1974,0.9993704
61,66,1975,1.0018535
61,66,1976,1.0051564
61,66,1978,1.0142297
61,66,1979,1.0236148
61,66,1981,3.1532478
61,66,1982,1.06426
61,66,1984,1.1028155
61,66,1986,1.1374105
61,66,1987,1.1463946
61,66,1988,1.1474074
61,66,1989,2.2827141
61,66,1990,1.1298286
61,66,1991,1.1139703
61,66,1992,1.0958303
61,66,2001,3.6912286
61,66,2002,2.7466743
61,66,2008,1.708219
61,66,2010,0.83570814
61,66,2015,0.7861635
61,66,2016,0.7775143
62,69,2002,1.3549125
62,69,2005,0.70182824
62,69,2008,0.7182257
62,69,2010,0.73407966
62,69,2015,1.4860387
62,69,2016,2.1994457
62,69,2017,0.7228254
62,69,2018,0.71250445
63,72,1972,0.87801707
63,72,1977,0.91842544
63,72,1988,0.9022176
63,72,1991,0.88573176
63,72,1992,0.88394666
63,72,1998,1.8182149
63,72,1999,0.9175238
63,72,2001,2.822998
64,75,1970,1.1335555
64,75,1971,0.5678463
64,75,2001,2.1915247
64,75,2002,0.7472669
64,75,2003,1.5468024
64,75,2004,1.6198791
64,75,2005,0.8500871
64,75,2006,3.5067418
64,75,2007,2.6607776
64,75,2008,1.8010716
64,75,2010,1.8909848
64,75,2011,2.914319
64,75,2013,1.0241914
64,75,2014,1.040507
65,76,1962,0.2563143
65,76,1963,0.49986753
65,76,1966,0.467949
65,76,1968,1.363562
65,76,1969,0.6759284
65,76,1970,0.22418056
65,76,1971,0.67144585
65,76,1973,0.899675
65,76,1974,0.22578818
65,76,1975,0.6797758
65,76,1977,0.45544183
65,76,1978,0.22778991
65,76,1979,0.22748832
65,76,1980,0.22703485
65,76,1982,0.22715501
65,76,1983,0.2283251
65,76,1984,0.22990197
65,76,1985,0.231519
65,76,1987,0.702637
65,76,1988,1.1748589
65,76,1989,1.6457499
65,76,1990,0.46898267
65,76,1991,1.167248
65,76,1992,1.3931102
65,76,1993,0.9239518
65,76,1994,0.46071485
65,76,1995,0.46093145
65,76,1996,1.3872896
65,76,1997,0.23255976
65,76,1998,0.70425016
65,76,1999,1.4227214
65,76,2000,1.196533
65,76,2001,0.4831198
65,76,2002,0.97357714
65,76,2003,0.97878486
65,76,2004,0.4912653
65,76,2005,1.9710114
65,76,2006,0.98973155
65,76,2007,1.2447968
65,76,2008,1.7573721
65,76,2009,0.25400826
65,76,2010,1.2897334
65,76,2011,1.0502713
65,76,2012,0.803172
65,76,2013,0.8209911
65,76,2014,0.27992857
65,76,2015,0.8583323
65,76,2016,0.5845697
65,76,2017,0.596342
65,76,2018,0.30353436
65,76,2020,1.2633162
66,77,2016,0.71427554
67,70,1955,7.163971
67,70,1956,6.7076507
67,70,1957,6.5655327
67,70,1958,6.18084
67,70,1959,6.3911
67,70,1960,5.9110446
67,70,1961,5.9024286
67,70,1962,5.8859887
67,70,1963,4.3981557
67,70,1964,4.3886256
67,70,1965,3.7849557
67,70,1966,3.8234215
67,70,1967,3.92977
67,70,1968,4.153517
67,70,1969,1.782815
67,70,1970,3.5430853
67,70,1971,3.0798032
67,70,1972,2.9808903
67,70,1973,2.822715
67,70,1974,4.7034216
67,70,1975,3.969672
67,70,1976,4.0642056
67,70,1977,4.214737
67,70,1978,3.7846973
67,70,1979,3.9746127
67,70,1980,4.020205
67,70,1981,4.439133
67,70,1982,4.2515173
67,70,1983,4.066608
67,70,1984,4.0457964
67,70,1985,4.920113
67,70,1986,5.356151
67,70,1987,5.214925
67,70,1988,5.5352182
67,70,1989,5.689039
67,70,1990,5.3150187
67,70,1991,5.8118987
67,70,1992,5.829574
67,70,1993,5.5782394
67,70,1994,5.459542
67,70,1995,5.181777
67,70,1996,5.023941
67,70,1997,4.554907
67,70,1998,4.309883
67,70,1999,3.9295986
67,70,2000,3.3215427
67,70,2001,3.3523614
67,70,2002,3.0995734
67,70,2003,2.8538783
67,70,2004,2.5648983
67,70,2005,2.7930934
67,70,2006,2.809002
67,70,2007,2.1607609
67,70,2008,3.2491546
67,70,2009,4.515808
67,70,2010,5.839868
67,70,2011,6.339449
67,70,2012,6.3091717
67,70,2013,4.950816
67,70,2014,4.0818195
67,70,2015,4.2917223
67,70,2016,4.8454804
67,70,2017,6.4500523
67,70,2018,6.8335586
67,70,2019,6.6005383
67,70,2020,6.4987535
68,68,1981,1.9081637
68,68,1982,1.9810064
68,68,1985,1.9219958
68,68,1986,1.3515139
68,68,1987,0.99688244
68,68,1988,1.8985108
68,68,1989,2.267133
68,68,1990,1.9318023
68,68,1991,1.2215539
68,68,1992,3.5452375
68,68,1993,2.919011
68,68,1994,3.473285
68,68,1995,3.4576583
68,68,1996,3.521494
68,68,1997,2.4179
68,68,1998,2.259919
68,68,1999,2.3201957
68,68,2000,2.3823633
68,68,2001,2.3656664
68,68,2002,2.1144066
68,68,2003,1.3681443
68,68,2004,1.2448195
68,68,2005,1.032045
68,68,2006,1.1643362
68,68,2007,1.6834686
68,68,2008,1.4627981
68,68,2009,0.70844394
68,68,2010,0.94575465
68,68,2011,1.4242002
68,68,2012,0.68601376
68,68,2013,0.83549166
68,68,2014,0.8635408
68,68,2015,0.25162992
68,68,2016,1.656986
68,68,2017,0.771476
68,68,2018,0.90506047
69,74,2016,0.8786003
70,73,2005,1.6876973
70,73,2008,1.1793357
70,73,2009,0.59577715
70,73,2019,0.6464835
71,79,1950,0.18588062
71,79,1951,0.20969878
71,79,1952,0.23268428
71,79,1953,0.22935517
71,79,1954,0.25111243
71,79,1955,0.2473846
71,79,1956,0.024364233
71,79,1957,0.26385236
71,79,1958,0.21259488
71,79,1959,0.27925745
71,79,1960,0.32117185
71,79,1961,0.24865085
71,79,1962,0.15587372
71,79,1963,0.21988519
71,79,1964,0.32633618
71,79,1965,0.19374129
71,79,1966,0.36497894
71,79,1967,0.17249599
71,79,1968,0.28061777
71,79,1969,0.3443704
71,79,1970,0.32117295
71,79,1971,0.36244035
71,79,1972,0.27671227
71,79,1973,0.2985186
71,79,1974,0.47119126
71,79,1975,0.38806492
71,79,1976,0.34778276
71,79,1977,0.6582532
71,79,1978,0.5099555
71,79,1979,0.67302376
71,79,1980,0.3860987
71,79,1981,0.46028647
71,79,1982,0.3739789
71,79,1983,0.428009
71,79,1984,0.5810595
71,79,1985,0.467888
71,79,1986,0.47476047
71,79,1987,0.37966648
71,79,1988,0.615033
71,79,1989,0.33763278
71,79,1990,0.5522415
71,79,1991,0.5305285
71,79,1992,0.77333975
71,79,1993,0.6408423
71,79,1994,0.42627314
71,79,1995,0.5837566
71,79,1996,0.73941
71,79,1997,0.8929369
71,79,1998,0.57415485
71,79,1999,0.6222427
71,79,2000,0.5926723
71,79,2001,0.48708758
71,79,2002,0.6632788
71,79,2003,0.7107615
71,79,2004,0.55654174
71,79,2005,0.68234855
71,79,2006,0.6071389
71,79,2007,0.6338463
71,79,2008,0.38107818
71,79,2009,0.58514285
71,79,2010,0.6118199
71,79,2011,0.46025634
71,79,2012,0.51318103
71,79,2013,0.4893831
71,79,2014,0.25847566
71,79,2015,0.25923008
71,79,2016,0.20794381
71,79,2017,0.41729444
71,79,2018,0.28841385
71,79,2019,0.2639912
71,79,2020,0.5054216
72,81,1950,0.87211585
72,81,1951,0.56324464
72,81,1952,0.40803835
72,81,1953,0.5246115
72,81,1954,0.5061536
72,81,1955,0.61113113
72,81,1956,0.70881516
72,81,1957,0.68480253
72,81,1958,1.1025784
72,81,1959,0.96083117
72,81,1960,1.0368991
72,81,1961,0.9069646
72,81,1962,0.5872042
72,81,1963,0.47556454
72,81,1964,1.3907741
72,81,1965,1.2717642
72,81,1966,0.8047513
72,81,1967,1.2370595
72,81,1968,0.70097595
72,81,1969,1.3041381
72,81,1970,1.2924082
72,81,1971,0.17059577
72,81,1972,0.9272231
72,81,1973,0.74846876
72,81,1974,0.98606366
72,81,1975,0.8969926
72,81,1976,1.3024808
72,81,1977,2.21073
72,81,1978,1.6577301
72,81,1979,1.0099616
72,81,1980,0.76985914
72,81,1981,0.60840786
72,81,1982,0.7044504
72,81,1983,0.71083057
72,81,1984,0.89499557
72,81,1985,1.0833033
72,81,1986,1.4581351
72,81,1987,1.3774952
72,81,1988,1.0175
72,81,1989,1.4894958
72,81,1990,1.1075925
72,81,1991,1.1870878
72,81,1992,1.6429368
72,81,1993,0.91023034
72,81,1994,1.5377003
72,81,1995,0.98510695
72,81,1996,1.505368
72,81,1997,1.4038216
72,81,1998,1.1342033
72,81,1999,1.043983
72,81,2000,0.95474344
72,81,2001,1.0361066
72,81,2002,1.1962826
72,81,2003,0.8448215
72,81,2004,1.0904064
72,81,2005,1.1695467
72,81,2006,1.5807673
72,81,2007,0.82820535
72,81,2008,0.82457227
72,81,2009,1.5591791
72,81,2010,0.8173046
72,81,2011,0.89822316
72,81,2012,0.6541308
72,81,2013,0.24538532
72,81,2014,0.73399585
72,81,2015,1.2167196
72,81,2016,0.48373988
73,78,2005,4.079056
73,78,2006,1.9794356
73,78,2007,2.2744434
73,78,2008,2.8675907
73,78,2009,2.9768329
73,78,2010,1.9338756
73,78,2011,2.26803
73,78,2012,1.7845995
73,78,2013,1.4128889
73,78,2014,1.7475159
73,78,2015,0.85501254
73,78,2016,1.4864341
73,78,2017,0.8540547
73,78,2018,2.8930035
73,78,2019,1.2593548
74,71,1991,0.15099445
74,71,1992,0.45996186
74,71,1993,0.7683466
74,71,1994,0.61557305
74,71,1995,0.46188736
74,71,1996,0.9258174
74,71,1997,0.6203859
74,71,1998,0.93789274
74,71,1999,0.9445576
74,71,2000,0.63270414
74,71,2001,0.95252913
74,71,2002,0.6401567
74,71,2003,1.4596883
74,71,2004,0.65941423
74,71,2005,0.50419235
74,71,2006,1.371058
74,71,2007,0.3495428
74,71,2008,0.17817976
74,71,2010,0.18411629
74,71,2011,0.56135416
74,71,2012,1.1409295
74,71,2017,0.6144859
74,71,2018,0.207633
74,71,2019,0.6314992
74,71,2020,0.21351007
75,80,1951,0.49324647
75,80,1952,0.19431399
75,80,1953,0.095411286
75,80,1954,0.0935431
75,80,1955,0.18347664
75,80,1956,0.5396052
75,80,1957,0.9705534
75,80,1958,0.1734968
75,80,1959,0.34163478
75,80,1960,0.42116684
75,80,1961,0.16613752
75,80,1962,0.16412532
75,80,1963,0.40697026
75,80,1964,0.40487632
75,80,1965,0.7269602
75,80,1966,0.08078686
75,80,1967,0.4041694
75,80,1968,0.5645598
75,80,1969,0.24088123
75,80,1970,0.47972444
75,80,1971,0.3183887
75,80,1972,0.55452836
75,80,1973,0.39529628
75,80,1974,0.15813415
75,80,1975,0.47538272
75,80,1976,0.6370086
75,80,1977,0.320686
75,80,1978,0.24227995
75,80,1979,0.40687388
75,80,1980,0.57390314
75,80,1981,0.9083762
75,80,1982,0.49917012
75,80,1983,0.58743364
75,80,1984,0.59380203
75,80,1985,0.6864101
75,80,1986,1.0410142
75,80,1987,0.35034493
75,80,1988,0.26477978
75,80,1989,0.2667748
75,80,1990,0.5363536
75,80,1991,0.5377101
75,80,1992,0.6286326
75,80,1993,0.6284971
75,80,1994,0.26891768
75,80,1995,0.26820412
75,80,1996,0.44452703
75,80,1997,0.5292111
75,80,1998,0.3498733
75,80,1999,0.6066063
75,80,2000,0.9447372
75,80,2001,0.68286073
75,80,2002,0.5091032
75,80,2003,0.67426676
75,80,2004,0.33487964
75,80,2005,0.08317509
75,80,2006,0.5784115
75,80,2007,0.41027224
75,80,2008,0.32591364
75,80,2009,0.16184817
75,80,2010,0.48282588
75,80,2011,4.410281
75,80,2012,0.15985344
75,80,2013,0.31867585
75,80,2014,0.3974828
75,80,2015,0.15873305
75,80,2016,0.23773882
76,82,1955,1.5279568
76,82,1956,1.1117452
76,82,1957,0.89863086
76,82,1958,1.0457207
76,82,1959,1.5205888
76,82,1960,1.8007311
76,82,1961,0.9512229
76,82,1962,1.5346816
76,82,1963,0.59411
76,82,1964,1.2939903
76,82,1965,1.5319332
76,82,1966,1.3499904
76,82,1967,0.65488654
76,82,1968,1.6534812
76,82,1969,0.9893032
76,82,1970,0.4815506
76,82,1971,1.6423328
76,82,1972,0.80097306
76,82,1973,0.44705325
76,82,1974,0.32794985
76,82,1975,0.74946064
76,82,1976,0.94506943
76,82,1977,0.41251445
76,82,1978,0.5070377
76,82,1979,0.19962451
76,82,1980,0.688213
76,82,1981,0.77517354
76,82,1982,0.57328
76,82,1983,0.7540448
76,82,1984,0.93027323
76,82,1985,1.3781558
76,82,1986,2.1792228
76,82,1987,2.2447274
76,82,1988,2.3984032
76,82,1989,1.6702724
76,82,1996,2.6321871
76,82,1997,4.1531014
76,82,1998,3.466009
76,82,1999,3.3510568
76,82,2000,4.26605
76,82,2001,3.9129295
76,82,2002,4.6537604
76,82,2003,5.076392
76,82,2004,3.5085123
76,82,2005,4.763968
76,82,2006,6.149296
76,82,2007,6.0988126
76,82,2008,8.481089
76,82,2009,10.603322
76,82,2010,10.587398
76,82,2011,10.060348
76,82,2012,10.244764
76,82,2013,10.354161
76,82,2014,6.835904
76,82,2015,5.1131034
76,82,2016,4.5194554
76,82,2017,4.1421676
76,82,2018,4.1111355
76,82,2019,3.214844
77,88,2000,3.610858
77,88,2001,3.4988184
77,88,2002,2.7037592
77,88,2003,3.0824227
77,88,2004,3.625532
77,88,2005,3.5957427
77,88,2006,3.5312448
77,88,2007,2.611986
77,88,2008,2.6649652
77,88,2009,3.821243
77,88,2010,3.8363256
77,88,2011,2.736118
77,88,2012,2.3048625
77,88,2013,2.6664872
77,88,2014,2.6678889
77,88,2015,2.6669638
77,88,2016,2.66434
77,88,2017,1.7473992
77,88,2018,2.0221035
77,88,2019,1.820349
78,83,1995,1.150078
78,83,1996,0.8714069
78,83,1997,0.76508915
78,83,1998,0.91151035
78,83,1999,0.47475332
78,83,2000,0.5650973
78,83,2001,0.44043767
78,83,2002,0.44139522
78,83,2003,0.43464267
78,83,2004,0.51205355
78,83,2005,0.46381396
78,83,2006,0.33900636
78,83,2007,0.40895256
78,83,2008,0.46346584
78,83,2009,0.31165025
78,83,2010,0.44456998
78,83,2011,0.33288568
78,83,2012,0.6767256
78,83,2013,0.8013821
78,83,2014,1.1892512
78,83,2015,1.05476
78,83,2016,0.61189044
78,83,2017,0.32145557
78,83,2018,0.77657586
79,84,1963,1.4756854
79,84,1964,1.3436743
79,84,1965,1.5584698
79,84,1966,1.6653783
79,84,1967,2.4472067
79,84,1968,2.711889
79,84,1969,3.3398623
79,84,1992,0.15603879
79,84,1993,1.9712366
79,84,1997,2.3833854
79,84,1998,2.3935719
79,84,1999,2.4789724
79,84,2000,2.2403243
79,84,2001,2.5608482
79,84,2002,2.5604134
79,84,2003,2.2884145
79,84,2006,2.2249062
79,84,2007,2.3979535
79,84,2008,2.440637
79,84,2009,2.3076355
79,84,2010,2.2178972
79,84,2011,2.1276999
79,84,2014,1.4025769
79,84,2016,1.5888788
79,84,2017,1.4669614
79,84,2018,1.2201568
79,84,2019,1.0304934
80,85,1959,0.5076281
80,85,1960,0.47411257
80,85,1961,0.45883343
80,85,1962,0.5426888
80,85,1963,0.33248517
80,85,1964,0.3525591
80,85,1965,0.4205274
80,85,1966,0.41150296
80,85,1967,0.38209778
80,85,1968,0.4017344
80,85,1969,0.48684806
80,85,1970,0.5916308
80,85,1971,0.53344315
80,85,1972,0.42182815
80,85,1973,0.48623604
80,85,1974,0.49931687
80,85,1975,0.468574
80,85,1976,0.50622064
80,85,1977,0.44703564
80,85,1978,0.46662384
80,85,1979,0.4407716
80,85,1983,0.46239254
80,85,1984,0.5410727
80,85,1985,0.40067348
80,85,1986,0.4705739
80,85,1987,0.43377605
80,85,1988,0.47175166
80,85,1989,0.49425343
80,85,1990,0.67982143
80,85,1991,0.5995626
80,85,1992,0.6506256
80,85,1993,0.56528753
80,85,1994,0.6949604
80,85,1995,0.6458102
80,85,1996,0.60593253
80,85,1999,0.6717676
80,85,2000,0.52017
80,85,2001,0.49482095
80,85,2002,0.5582404
80,85,2003,0.4755782
80,85,2004,0.3138804
80,85,2005,0.39953202
80,85,2006,0.37774792
80,85,2007,0.31868696
80,85,2008,0.31335008
80,85,2009,0.2357761
80,85,2010,0.2991418
80,85,2011,0.26765537
80,85,2012,0.25961548
80,85,2013,0.2885304
80,85,2014,0.21612146
80,85,2015,0.10276987
80,85,2016,0.0776131
80,85,2017,0.20751123
80,85,2018,0.19460548
80,85,2019,0.25954425
81,87,1955,0.42726707
81,87,1956,0.51795095
81,87,1957,0.334211
81,87,1958,0.33254611
81,87,1959,0.09019008
81,87,1960,0.32957894
81,87,1961,0.50904983
81,87,1962,0.32935965
81,87,1963,0.44971415
81,87,1964,0.24015918
81,87,1965,0.33069637
81,87,1966,0.33126622
81,87,1967,0.3918461
81,87,1968,0.3026319
81,87,1969,0.24398375
81,87,1970,0.27912214
81,87,1971,0.43681353
81,87,1972,0.34011838
81,87,1973,0.27667552
81,87,1974,0.3053493
81,87,1975,0.5756834
81,87,1976,0.6300375
81,87,1977,0.8024719
81,87,1978,0.5914864
81,87,1979,0.56128263
81,87,1980,0.23672196
81,87,1981,0.17883366
81,87,1982,0.36180857
81,87,1983,0.3359471
81,87,1984,0.52651435
81,87,1985,0.37753445
81,87,1986,0.60820806
81,87,1987,0.39101207
81,87,1988,0.43151078
81,87,1989,0.778908
81,87,1990,0.6235582
81,87,1991,0.5685499
81,87,1992,0.6558727
81,87,1993,0.5959271
81,87,1994,0.38040084
81,87,1995,0.8168819
81,87,1996,0.43724936
81,87,1997,0.4860405
81,87,1998,0.5343551
81,87,1999,0.45703024
81,87,2000,0.37779886
81,87,2001,0.42451003
81,87,2002,0.5148851
81,87,2003,0.47689468
81,87,2007,0.40322363
81,87,2008,0.36078012
81,87,2009,0.22716813
81,87,2010,0.18371698
81,87,2011,0.18630405
81,87,2012,0.33072284
81,87,2013,0.33567587
81,87,2014,0.19455735
81,87,2015,0.344507
81,87,2016,0.44756657
81,87,2018,0.10152042
82,86,1961,1.3432841
82,86,1962,1.6499758
82,86,1963,1.7220407
82,86,1964,2.4970698
82,86,1965,2.256279
82,86,1966,2.016814
82,86,1969,3.2227645
82,86,1970,2.0669303
82,86,1971,3.363022
82,86,1972,3.128448
82,86,1973,3.1220777
82,86,1974,4.7092314
82,86,1975,4.845339
82,86,1976,3.769852
82,86,1977,5.0267053
82,86,1979,4.218972
82,86,1980,4.858868
82,86,1981,6.033218
82,86,1982,5.017106
82,86,1983,3.7095044
82,86,1984,4.482804
82,86,1985,5.3453026
82,86,1986,6.82657
82,86,1987,3.4341445
82,86,1988,4.7532344
82,86,1989,5.1560435
82,86,1990,6.7223825
82,86,1991,12.275163
82,86,1992,10.469862
82,86,1993,15.067911
82,86,1994,16.146576
82,86,1995,13.518652
82,86,1996,13.736831
82,86,1997,12.454374
82,86,1998,12.287311
82,86,1999,9.132095
82,86,2000,8.814549
82,86,2001,9.858346
82,86,2002,7.5017743
82,86,2003,8.154226
82,86,2004,9.005858
82,86,2005,7.304192
82,86,2006,6.9891987
82,86,2007,8.236759
82,86,2008,8.692177
82,86,2009,10.818277
82,86,2010,9.717971
82,86,2011,12.688135
82,86,2012,12.50567
82,86,2013,9.380552
82,86,2014,6.8282056
82,86,2015,5.980956
82,86,2016,6.45853
82,86,2017,6.856679
83,89,2001,1.0014154
83,89,2002,0.33087823
83,89,2003,0.6558345
83,89,2004,1.9621309
83,89,2005,0.9832519
83,89,2007,0.64240515
83,89,2008,0.639605
83,89,2009,1.9247426
83,89,2010,0.6442116
83,89,2012,0.9801103
83,89,2013,0.32868248
83,89,2014,0.3286058
83,89,2015,0.6570173
83,89,2016,0.3299252
84,90,1989,1.0931302
84,90,1990,1.4788463
84,90,1991,0.81122434
84,90,1992,1.007873
84,90,1993,0.99847335
84,90,1994,1.1405047
84,90,1995,0.9743993
84,90,1996,0.97064793
84,90,1997,1.1112795
84,90,1998,0.97718877
84,90,1999,1.0722529
84,90,2000,1.3117968
84,90,2001,0.91597885
84,90,2002,0.99590683
84,90,2003,1.1747708
84,90,2004,0.9156018
84,90,2005,1.0830724
84,90,2006,0.57846797
84,90,2007,0.7449841
84,90,2008,0.8535876
84,90,2009,0.6501754
84,90,2010,0.662468
84,90,2011,0.5551357
84,90,2012,0.5829839
84,90,2013,0.61053413
84,90,2014,0.4964923
84,90,2015,0.45169276
84,90,2016,0.33412123
84,90,2017,0.35882136
84,90,2018,0.40776852
84,90,2019,0.36113703
85,91,1980,3.25259
85,91,1981,3.0995564
85,91,1982,2.7735472
85,91,1985,2.2811968
85,91,1986,1.7963582
85,91,1987,1.7923245
85,91,1988,2.1114414
85,91,1989,2.5131977
85,91,1990,2.8543434
85,91,1991,3.211596
85,91,1992,4.3899274
85,91,1993,5.6605077
85,91,1994,5.4946923
85,91,1995,5.390432
85,91,1996,4.710281
85,91,1997,4.341653
85,91,1998,4.3273015
85,91,1999,5.014158
85,91,2000,5.484756
85,91,2001,5.6685843
85,91,2002,5.6909757
85,91,2003,5.667991
85,91,2004,5.3321257
85,91,2005,4.580557
85,91,2006,4.072149
85,91,2007,3.5771043
85,91,2008,3.0895681
85,91,2009,2.4780915
85,91,2010,1.9717079
85,91,2011,1.6368568
85,91,2012,1.2645392
85,91,2013,1.2640965
85,91,2014,1.0224575
85,91,2015,0.8683039
85,91,2016,0.67919606
85,91,2017,0.66239136
85,91,2018,0.61497754
85,91,2019,0.4574773
86,59,1989,5.5340343
86,59,1993,5.6296797
86,59,1994,5.637932
86,59,1995,5.65387
86,59,1999,5.692816
86,59,2001,11.364282
86,59,2003,5.8105755
86,59,2004,23.622513
86,59,2008,6.358492
86,59,2009,19.422504
86,59,2010,13.172627
86,59,2011,33.33778
86,59,2012,6.743998
86,59,2013,6.8474393
86,59,2014,20.866663
86,59,2015,14.147273
86,59,2016,35.984165
87,63,1973,1.573787
87,63,1981,1.4401337
87,63,1983,1.4173139
87,63,1988,1.3930099
87,63,1990,6.930199
87,63,1991,1.3812536
87,63,1992,1.3807769
87,63,1995,2.8186085
87,63,1996,1.4261063
87,63,1997,2.886336
87,63,1998,2.916855
87,63,1999,1.4698749
87,63,2000,1.4811304
87,63,2001,1.4992504
87,63,2002,6.0957956
87,63,2003,7.763975
87,63,2004,6.3321195
87,63,2005,6.452654
87,63,2006,1.6419822
87,63,2008,1.6921619
87,63,2009,6.8499017
87,63,2010,5.20761
87,63,2011,8.837045
87,63,2012,9.019735
87,63,2013,9.223221
87,63,2014,9.441266
87,63,2015,1.9336375
88,111,1974,1.6309755
88,111,1985,3.5037928
88,111,1995,5.7298927
88,111,1996,1.9377592
88,111,1998,2.003205
88,111,1999,2.0389023
88,111,2000,2.0761101
88,111,2001,4.2321773
88,111,2002,6.4796214
88,111,2004,6.795325
88,111,2005,4.6461926
88,111,2006,2.3816328
88,111,2007,14.631291
88,111,2008,4.9830575
88,111,2009,2.5436878
88,111,2011,2.6597867
88,111,2012,2.7279174
88,111,2013,2.7997873
88,111,2015,5.8731976
88,111,2016,6.009796
88,111,2017,9.201889
89,95,1987,1.5911912
90,94,1998,0.9915432
90,94,1999,1.0693277
90,94,2000,0.7098922
90,94,2001,0.8874369
90,94,2002,0.8988027
90,94,2003,0.96843857
90,94,2004,0.86967665
90,94,2005,1.1841207
90,94,2006,0.36297706
90,94,2007,0.86580193
90,94,2008,0.7576494
90,94,2009,0.6424716
90,94,2010,0.5866051
90,94,2011,0.39616537
90,94,2012,0.3336118
90,94,2013,0.8082365
90,94,2014,0.2719934
90,94,2015,0.20602061
90,94,2016,0.48603618
90,94,2018,0.07025941
90,94,2019,0.5604651
90,94,2020,0.4209773
91,100,1985,3.1307724
91,100,2001,3.3286731
91,100,2002,9.999666
91,100,2003,3.327012
91,100,2004,6.6644454
91,100,2005,3.333
91,100,2006,6.6602283
91,100,2007,3.3271227
91,100,2008,3.3182905
91,100,2010,3.3007658
91,100,2011,3.2973917
91,100,2014,3.2865548
92,92,1963,0.20871358
92,92,1964,0.20258601
92,92,1965,0.49287015
92,92,1966,0.38594282
92,92,1967,0.38090086
92,92,1968,0.5676738
92,92,1969,0.85123366
92,92,1970,1.2326528
92,92,1971,1.0452061
92,92,1972,1.0472999
92,92,1973,0.8599923
92,92,1974,0.96396226
92,92,1975,0.3910772
92,92,1976,0.6956605
92,92,1977,1.0124512
92,92,1978,0.41343626
92,92,1979,1.369811
92,92,1980,1.5002545
92,92,1981,1.9529406
92,92,1982,0.87571615
92,92,1983,1.6551578
92,92,1984,0.9989755
92,92,1985,0.6666437
92,92,1986,1.3279463
92,92,1987,0.6614821
92,92,1988,0.77185845
92,92,1989,1.7729573
92,92,1990,0.5542058
92,92,1991,1.4207045
92,92,1992,0.32139045
92,92,1993,0.5267522
92,92,1994,0.5198478
92,92,1995,1.127783
92,92,1996,0.20108445
92,92,1997,0.49246335
92,92,1999,0.48011968
92,92,2000,0.57276446
92,92,2001,0.37852728
92,92,2002,0.28157514
92,92,2003,0.4679269
92,92,2004,0.46915317
92,92,2005,0.18755217
92,92,2007,0.090914294
92,92,2008,0.35896105
92,92,2009,0.7132286
92,92,2010,0.35636267
92,92,2011,0.3565377
92,92,2012,0.17846721
92,92,2013,0.1791171
92,92,2014,0.18044207
92,92,2015,0.09147809
92,92,2016,0.093346015
92,92,2017,0.09555908
92,92,2019,0.099487044
92,92,2020,0.101182215
93,97,1992,0.45656967
93,97,1993,0.80466616
93,97,1994,0.46536115
93,97,1995,0.5916533
93,97,1996,0.36204207
93,97,1997,0.5547228
93,97,1998,0.44133797
93,97,1999,0.3230861
93,97,2000,0.66267693
93,97,2001,0.47623292
93,97,2002,0.6297119
93,97,2003,0.719454
93,97,2004,0.73896015
93,97,2005,0.53089625
93,97,2008,0.48765066
93,97,2009,0.33063862
93,97,2010,0.083921134
93,97,2012,0.43256336
93,97,2013,0.4387485
93,97,2014,0.17747457
93,97,2016,0.17888975
93,97,2017,0.08937413
93,97,2019,0.26671812
94,98,1985,0.5153099
94,98,1986,0.865645
94,98,1988,1.0553514
94,98,1989,0.7089559
94,98,1990,0.8942672
94,98,1991,0.723428
94,98,1992,0.54990375
94,98,1993,0.55835766
94,98,1994,1.5142395
94,98,1995,1.7359738
94,98,1996,1.3790876
94,98,1997,0.40324774
94,98,1998,0.20676023
94,98,1999,0.63736486
94,98,2000,0.2185224
94,98,2001,0.6743664
94,98,2002,1.3818517
94,98,2003,0.9381743
94,98,2004,0.4764037
94,98,2005,0.7247427
94,98,2009,0.5025656
94,98,2011,0.7531349
94,98,2012,0.24996313
94,98,2014,0.49575385
94,98,2016,0.24405423
94,98,2017,0.48475447
95,113,1996,0.10736379
95,113,1997,0.84346116
95,113,1998,0.77484035
95,113,1999,1.6500174
95,113,2000,1.2527025
95,113,2001,2.361105
95,113,2002,1.3778878
95,113,2003,1.6454253
95,113,2004,2.7101867
95,113,2005,3.3267086
95,113,2006,3.6805067
95,113,2007,3.7423365
95,113,2008,3.4526634
95,113,2009,2.9011726
95,113,2010,2.9648387
95,113,2011,2.919724
95,113,2012,2.8099525
95,113,2013,3.0127342
95,113,2014,3.1213264
95,113,2015,3.7227383
95,113,2016,3.786066
95,113,2017,3.3780568
95,113,2018,3.0926135
96,60,1985,0.6441376
96,60,1986,0.63616395
96,60,1987,0.5979496
96,60,1988,0.5439886
96,60,1989,0.7733803
96,60,1990,0.8741142
96,60,1991,0.6562965
96,60,1992,0.50843793
96,60,1993,0.85216004
96,60,1994,0.76041347
96,60,1995,0.83618325
96,60,1996,0.8457348
96,60,1997,0.9499613
96,60,1998,1.0356278
96,60,1999,0.5675811
96,60,2000,0.804826
96,60,2001,0.72445226
96,60,2002,0.93057775
96,60,2003,0.81715375
96,60,2004,0.82441694
96,60,2005,0.8714861
96,60,2006,0.6570367
96,60,2007,0.5508465
96,60,2008,0.7791315
96,60,2009,0.8932421
96,60,2010,0.74051964
96,60,2011,0.69148034
96,60,2012,0.7699673
96,60,2013,0.6865026
96,60,2014,0.69449085
96,60,2015,0.71233594
96,60,2016,0.6004283
96,60,2017,0.61653835
96,60,2018,0.46544805
96,60,2019,0.7534502
97,32,1951,0.12902944
97,32,1952,0.07953202
97,32,1953,0.07972749
97,32,1954,0.099622056
97,32,1955,0.109214716
97,32,1956,0.17779791
97,32,1957,0.23451583
97,32,1958,0.057687297
97,32,1959,0.065917306
97,32,1960,0.06494676
97,32,1961,0.009180351
97,32,1963,0.008934875
97,32,1965,0.0523559
97,32,1966,0.03450812
97,32,1967,0.008519487
97,32,1968,0.033743434
97,32,1969,0.108699396
97,32,1970,0.18213089
97,32,1971,0.13927995
97,32,1972,0.09735349
97,32,1973,0.040194005
97,32,1974,0.11913224
97,32,1975,0.32191947
97,32,1976,0.17125033
97,32,1977,0.22424422
97,32,1978,0.1926788
97,32,1979,0.42362285
97,32,1980,0.23914924
97,32,1981,0.27128768
97,32,1982,0.250184
97,32,1983,0.28488424
97,32,1984,0.32135308
97,32,1985,0.36752144
97,32,1986,0.3159338
97,32,1987,0.44078392
97,32,1988,0.22482938
97,32,1989,0.2561384
97,32,1990,0.31651255
97,32,1991,0.21279173
97,32,1992,0.23611341
97,32,1993,0.35701963
97,32,1994,0.13837828
97,32,1995,0.13200597
97,32,1996,0.22990233
97,32,1997,0.19355911
97,32,1998,0.24328573
97,32,1999,0.2723742
97,32,2000,0.18555954
97,32,2001,0.28315252
97,32,2002,0.32010895
97,32,2003,0.23554288
97,32,2004,0.5257129
97,32,2005,0.31246424
97,32,2006,0.2740015
97,32,2007,0.2579797
97,32,2008,0.25357813
97,32,2009,0.18542276
97,32,2010,0.19523211
97,32,2011,0.37801418
97,32,2012,0.18346967
97,32,2013,0.28164613
97,32,2014,0.22814088
97,32,2015,0.28240564
97,32,2016,0.18439087
97,32,2017,0.2598737
97,32,2018,0.22697
97,32,2019,0.24811965
97,32,2020,0.18403403
98,64,1955,0.9675375
98,64,1956,0.8743324
98,64,1957,0.6761299
98,64,1958,0.89030755
98,64,1959,0.78233004
98,64,1960,0.8001213
98,64,1961,0.40868068
98,64,1962,0.70150024
98,64,1963,0.6286087
98,64,1964,0.57748204
98,64,1965,0.45862004
98,64,1966,0.94991004
98,64,1967,0.5248324
98,64,1968,0.43182403
98,64,1977,1.3674861
98,64,1980,0.64162254
98,64,1981,0.7341198
98,64,1982,0.70010155
98,64,1983,1.6715497
98,64,1984,0.9996304
98,64,1985,1.2741537
98,64,1986,1.0232233
98,64,1996,1.3451207
98,64,1997,1.1425831
98,64,1998,0.89691347
98,64,1999,0.80629903
98,64,2000,0.85882777
98,64,2001,0.8221657
98,64,2002,0.6642533
98,64,2003,0.828713
98,64,2004,0.82938486
98,64,2005,0.37008664
98,64,2006,0.35409397
98,64,2007,0.67455196
98,64,2009,0.82395566
98,64,2010,0.21548977
98,64,2011,0.18576927
98,64,2012,0.29944354
98,64,2013,0.25674736
98,64,2014,0.28553334
99,96,1965,0.55295664
99,96,1971,0.42852613
99,96,1975,0.89248264
99,96,1976,0.90977323
99,96,1977,0.46392733
99,96,1978,0.4734445
99,96,1979,1.9356961
99,96,1980,0.9849791
99,96,1981,1.4950886
99,96,1982,0.50425845
99,96,1984,1.0272741
99,96,1985,3.091397
99,96,1986,1.0303967
99,96,1988,2.0552027
99,96,1989,2.5531566
99,96,1990,0.5094295
99,96,1995,1.5051854
99,96,1996,1.493191
99,96,1997,0.9882644
99,96,1998,2.4542046
99,96,1999,0.48804057
99,96,2000,0.9733639
99,96,2001,2.4344287
99,96,2002,0.488062
99,96,2003,1.9612938
99,96,2005,0.4885866
99,96,2006,0.4860291
99,96,2008,0.96026427
99,96,2009,0.4772814
99,96,2010,0.47462195
99,96,2011,1.4159425
99,96,2012,1.8771499
99,96,2013,1.8667252
99,96,2014,0.92884576
100,99,1951,0.8661104
100,99,1952,0.618591
100,99,1953,0.7522279
100,99,1954,0.83646274
100,99,1955,0.9655883
100,99,1956,1.2745063
100,99,1957,0.8120219
100,99,1958,0.5821334
100,99,1959,0.48990658
100,99,1960,0.57642686
100,99,1961,0.3974561
100,99,1962,0.48506933
100,99,1963,1.060192
100,99,1964,0.8412682
100,99,1965,0.6654213
100,99,1966,0.71106243
100,99,1967,0.48961374
100,99,1968,0.6249185
100,99,1969,0.76216537
100,99,1970,0.8093816
100,99,1971,0.98865384
100,99,1972,0.71740097
100,99,1973,0.49258283
100,99,1974,0.53642
100,99,1975,0.7145776
100,99,1976,0.6267695
100,99,1977,0.58445483
100,99,1978,0.18070072
100,99,1979,0.952721
100,99,1980,0.77342266
100,99,1981,0.95847124
100,99,1982,0.55054736
100,99,1983,0.41603202
100,99,1984,0.37371528
100,99,1985,0.5669044
100,99,1986,0.52464193
100,99,1987,0.43249518
100,99,1988,0.57825166
100,99,1989,0.52844626
100,99,1990,0.81137145
100,99,1991,0.52135026
100,99,1992,0.8477829
100,99,1993,0.70236
100,99,1994,0.3731867
100,99,1995,0.60542667
100,99,1996,0.32576594
100,99,1997,0.32584405
100,99,1998,0.60544443
100,99,1999,0.27972564
100,99,2000,0.5137714
100,99,2001,0.5143025
100,99,2002,0.51386887
100,99,2003,0.32610285
100,99,2004,0.6962757
100,99,2005,0.23139021
100,99,2006,0.18457574
100,99,2007,0.41384962
100,99,2008,0.45851368
100,99,2009,0.32023087
100,99,2010,0.5022306
100,99,2011,0.31924504
100,99,2012,0.36426505
100,99,2013,0.40828362
100,99,2014,0.36053136
100,99,2015,0.5353527
100,99,2016,0.4839681
100,99,2017,0.60606796
100,99,2018,0.38331604
101,18,1951,2.4041615
101,18,1952,1.3535343
101,18,1953,1.5337229
101,18,1954,1.3139974
101,18,1955,2.1998243
101,18,1956,0.89096385
101,18,1957,0.9372733
101,18,1958,0.8586102
101,18,1959,1.3252645
101,18,1960,0.9471244
101,18,1961,0.6315215
101,18,1962,1.1609194
101,18,1963,1.076483
101,18,1964,0.9539921
101,18,1965,0.684551
101,18,1966,0.99678195
101,18,1967,0.835926
101,18,1968,0.7293133
101,18,1969,0.31250226
101,18,1970,0.7292567
101,18,1971,0.8323025
101,18,1972,0.9872361
101,18,1973,0.4162279
101,18,1974,0.88890004
101,18,1975,0.635539
101,18,1976,0.75620246
101,18,1977,0.82495546
101,18,1978,0.39053065
101,18,1979,0.5084206
101,18,1980,0.74193585
101,18,1981,0.69141906
101,18,1982,0.9329435
101,18,1983,0.9477769
101,18,1984,0.66318434
101,18,1985,1.7164887
101,18,1986,0.80854166
101,18,1987,1.1322044
101,18,1988,1.0137625
101,18,1989,0.5724044
101,18,1990,1.0159414
101,18,1991,0.8839684
101,18,1992,1.0019438
101,18,1993,1.239294
101,18,1994,0.73729956
101,18,1995,0.42677176
101,18,1996,0.9696535
101,18,1997,0.5441621
101,18,1998,0.24152358
101,18,1999,0.30105755
101,18,2000,0.6008857
101,18,2001,0.78613454
101,18,2002,0.48694855
101,18,2003,0.5479729
101,18,2004,0.48763895
101,18,2005,1.0996859
101,18,2006,0.4288577
101,18,2007,0.3679212
101,18,2008,0.30607846
101,18,2009,0.5501401
101,18,2010,0.30497158
101,18,2011,0.30437267
101,18,2012,0.12171536
101,18,2013,0.30327255
101,18,2014,0.30140036
101,18,2015,0.3592939
101,18,2016,0.11877775
101,18,2017,0.11790152
101,18,2018,0.35183457
102,101,1998,0.8266039
102,101,1999,0.83809
102,101,2000,0.5468875
102,101,2001,0.3668747
102,101,2002,1.1289073
102,101,2003,0.20009963
102,101,2004,0.2626338
102,101,2005,0.46302643
102,101,2006,0.36798036
102,101,2007,0.42713198
102,101,2008,0.5370922
102,101,2009,0.37290525
102,101,2010,0.4052967
103,103,1981,0.49186698
103,103,1982,0.5670559
103,103,1985,0.20144436
103,103,1986,0.11754509
103,103,1987,0.075975604
103,103,1988,0.257597
103,103,1989,0.28469864
103,103,1990,0.24114706
103,103,1991,0.26768708
103,103,1992,1.1767148
103,103,1993,5.4202175
103,103,1994,2.3877535
103,103,1995,0.6763857
103,103,1996,1.8680269
103,103,1997,1.4610959
103,103,1998,1.0132216
103,103,1999,0.9265126
103,103,2000,0.44593433
103,103,2001,0.38082272
103,103,2002,0.4336966
103,103,2003,0.48608926
103,103,2004,0.39672285
103,103,2005,0.14074068
103,103,2016,0.09861055
103,103,2017,0.0967328
104,102,1969,3.2458172
104,102,1970,3.4296815
104,102,1971,3.1506948
104,102,1972,2.271238
104,102,1973,3.4636855
104,102,1974,4.0747495
104,102,1975,4.9701147
104,102,1976,4.142216
104,102,1977,4.5415587
104,102,1978,5.1388474
104,102,1979,6.4911437
104,102,1980,6.113905
104,102,1981,5.40215
104,102,1982,4.54989
104,102,1983,3.5709767
104,102,1984,2.948674
104,102,1985,2.3513231
104,102,1986,2.1343281
104,102,1987,2.1831377
104,102,1990,1.8621553
104,102,1991,2.2697358
104,102,1992,2.392053
104,102,1994,2.193227
104,102,1995,1.7263929
104,102,1996,4.5120482
104,102,1997,1.8855385
104,102,1998,2.2767484
104,102,1999,3.5717585
104,102,2000,2.6331332
104,102,2002,1.768891
104,102,2003,2.6296058
104,102,2004,2.147326
104,102,2005,2.1471255
104,102,2006,2.280195
104,102,2007,2.4289594
104,102,2008,1.9919988
104,102,2009,2.1210568
104,102,2010,2.1661034
104,102,2011,2.0746949
104,102,2012,2.1145046
104,102,2013,2.1317492
104,102,2014,2.1056144
104,102,2015,1.6939478
104,102,2016,1.3206421
104,102,2017,0.8911182
104,102,2018,0.6419234
104,102,2019,0.5396127
105,105,1952,2.3454428
105,105,1953,1.6916324
105,105,1954,1.625404
105,105,1955,1.8221954
105,105,1956,1.2543368
105,105,1957,2.1815803
105,105,1958,0.9380885
105,105,1960,1.1058717
105,105,1961,1.2963808
105,105,1962,2.1175628
105,105,1963,1.6623757
105,105,1967,2.7430112
105,105,1968,3.1070495
105,105,1970,0.96253616
105,105,1971,0.7695208
105,105,1972,1.151605
105,105,1973,1.9153786
105,105,1974,0.95817566
105,105,1975,1.344388
105,105,1976,1.9225777
105,105,1977,1.9209195
105,105,1978,1.5335013
105,105,1979,0.76481396
105,105,1980,0.57248193
105,105,1981,0.5717662
105,105,1982,0.95209444
105,105,1983,1.331411
105,105,1984,0.9491088
105,105,1985,2.8315082
105,105,1986,1.4967847
105,105,1987,2.9681022
105,105,1988,0.36841708
105,105,1989,2.7494383
105,105,1990,2.1943138
105,105,1991,2.195695
105,105,1992,2.0200536
105,105,1993,3.141133
105,105,1994,2.793374
105,105,1995,4.700326
105,105,1996,1.5219744
105,105,1997,3.8593946
105,105,1998,2.9432714
105,105,1999,2.5994802
105,105,2000,4.490025
105,105,2001,4.3814993
105,105,2002,3.4174087
105,105,2003,6.343859
105,105,2004,8.287361
105,105,2005,11.697382
105,105,2006,12.206974
105,105,2007,10.065691
105,105,2008,17.557251
105,105,2009,15.826894
105,105,2010,12.74487
105,105,2011,7.8022947
105,105,2012,8.599866
106,106,2009,0.30232376
106,106,2010,0.46331155
106,106,2011,0.3446929
106,106,2012,0.41692007
106,106,2013,0.5985762
106,106,2014,0.4854822
106,106,2015,0.5206376
106,106,2016,0.50001955
106,106,2019,0.28758702
107,104,1981,1.1792707
107,104,1982,1.0307472
107,104,1985,1.2122792
107,104,1986,0.76783323
107,104,1987,0.5171026
107,104,1988,1.454046
107,104,1989,0.9260727
107,104,1990,1.3279055
107,104,1991,0.93358964
107,104,1992,1.0135388
107,104,1993,0.64448833
107,104,1994,0.87505907
107,104,1995,0.9563347
107,104,1996,0.8028855
107,104,1997,0.7484277
107,104,1998,0.6490794
107,104,1999,0.82841575
107,104,2000,0.549227
107,104,2001,0.77518886
107,104,2002,0.72840935
107,104,2003,0.6375794
107,104,2004,0.5473766
107,104,2005,0.64026695
107,104,2006,0.41307086
107,104,2007,0.4606425
107,104,2009,0.64696085
107,104,2010,0.46142146
107,104,2011,0.3213291
107,104,2012,0.40992212
107,104,2013,0.4059355
107,104,2014,0.4012154
107,104,2015,0.21994855
108,107,1981,1.4656603
108,107,1982,1.3296071
108,107,1985,1.0515546
108,107,1986,1.1777003
108,107,1987,1.3514972
108,107,1988,1.4084494
108,107,1989,1.8181654
108,107,1990,1.9242346
108,107,1991,1.7872924
108,107,1992,2.173187
108,107,1993,2.542985
108,107,1994,2.8824348
108,107,1995,2.981655
108,107,1996,3.0179129
108,107,1997,2.9892578
108,107,1998,2.5701952
108,107,1999,2.6691704
108,107,2000,3.0210311
108,107,2001,2.600876
108,107,2002,2.5995116
108,107,2003,2.2935426
108,107,2004,1.9033386
108,107,2005,2.1971576
108,107,2006,2.035652
108,107,2007,1.795177
108,107,2008,1.3836765
108,107,2009,1.4649425
108,107,2010,0.8747388
108,107,2011,1.1942805
108,107,2012,0.6520993
108,107,2014,0.77868634
108,107,2015,0.7034318
108,107,2017,0.57560587
108,107,2018,0.4653539
108,107,2019,0.43375295
109,37,1950,0.5560117
109,37,1951,0.5234706
109,37,1952,0.46425557
109,37,1953,0.635498
109,37,1954,0.6761045
109,37,1955,0.590688
109,37,1956,0.5328745
109,37,1957,0.70994633
109,37,1958,0.54134834
109,37,1959,0.6245181
109,37,1960,0.6604119
109,37,1961,0.63194084
109,37,1962,0.6838517
109,37,1963,0.6692982
109,37,1964,0.7092278
109,37,1965,0.6777753
109,37,1966,0.77243066
109,37,1967,0.8060499
109,37,1968,0.90425736
109,37,1969,0.7967026
109,37,1970,0.7644062
109,37,1971,0.9448246
109,37,1972,0.99286836
109,37,1973,1.1363759
109,37,1974,1.2145
109,37,1975,1.0467658
109,37,1976,1.1242262
109,37,1977,0.976506
109,37,1978,1.0108107
109,37,1979,0.9423966
109,37,1980,0.6298106
109,37,1981,0.44062862
109,37,1982,0.78088385
109,37,1983,0.7037215
109,37,1984,0.6056149
109,37,1985,0.60119474
109,37,1986,0.62173057
109,37,1987,0.57546806
109,37,1988,0.63404244
109,37,1989,0.6121306
109,37,1990,0.4874344
109,37,1991,0.53092045
109,37,1992,0.50564796
109,37,1993,0.80037624
109,37,1994,0.62878525
109,37,1995,0.6272922
109,37,1996,0.8151273
109,37,1997,0.43258736
109,37,1998,0.4441715
109,37,1999,0.5240817
109,37,2000,0.6523505
109,37,2001,0.31655282
109,37,2002,0.23598392
109,37,2003,0.2900108
109,37,2004,0.28308913
109,37,2005,0.2694596
109,37,2006,0.20859772
109,37,2007,0.23494546
109,37,2008,0.20074046
109,37,2009,0.22666703
109,37,2010,0.17933145
109,37,2011,0.16540505
109,37,2012,0.105357505
109,37,2013,0.11140211
109,37,2014,0.13700876
109,37,2015,0.14284751
109,37,2016,0.058158524
109,37,2017,0.23816407
109,37,2018,0.32099795
109,37,2019,0.19868606
110,109,1950,1.5149156
110,109,1951,1.3802093
110,109,1952,1.4504746
110,109,1953,1.3045474
110,109,1954,1.3808322
110,109,1955,1.1840544
110,109,1956,1.2662759
110,109,1957,1.261364
110,109,1958,1.383693
110,109,1959,1.4255579
110,109,1960,1.524639
110,109,1961,1.5312592
110,109,1962,1.583945
110,109,1963,1.6347234
110,109,1964,1.8567336
110,109,1965,1.8630375
110,109,1966,2.0939045
110,109,1967,2.362991
110,109,1968,2.5767725
110,109,1969,2.8281026
110,109,1970,3.0415199
110,109,1971,3.3361535
110,109,1972,3.3725579
110,109,1973,3.722816
110,109,1974,3.8773406
110,109,1975,3.9145951
110,109,1976,3.6749406
110,109,1977,3.9269273
110,109,1978,3.8985837
110,109,1979,4.2425604
110,109,1980,4.4700017
110,109,1981,4.3250217
110,109,1982,4.19015
110,109,1983,3.5784554
110,109,1984,3.6628718
110,109,1985,3.668288
110,109,1986,4.141195
110,109,1987,4.065158
110,109,1988,4.662233
110,109,1989,5.1610837
110,109,1990,5.941922
110,109,1991,6.4717126
110,109,1992,6.3194246
110,109,1993,6.7453375
110,109,1994,6.4878397
110,109,1995,6.003323
110,109,1996,5.372704
110,109,1997,4.7805934
110,109,1998,4.3613644
110,109,1999,4.033468
110,109,2000,3.704692
110,109,2001,3.6625898
110,109,2002,3.6461585
110,109,2003,3.63346
110,109,2004,3.5968893
110,109,2005,3.7453032
110,109,2006,4.072851
110,109,2007,3.9767482
110,109,2008,3.7868876
110,109,2009,3.4796405
110,109,2010,3.3325076
110,109,2011,3.1759124
110,109,2012,3.0438228
110,109,2013,2.7439153
110,109,2014,2.7261202
110,109,2015,2.9935024
110,109,2016,3.2237463
110,109,2017,3.2807322
110,109,2018,3.1520216
110,109,2019,3.27683
110,109,2020,4.257755
111,108,1955,1.2963091
111,108,1956,1.6328777
111,108,1957,0.9225028
111,108,1958,1.5948637
111,108,1959,0.6749103
111,108,1960,1.4436167
111,108,1963,0.96068555
111,108,1964,1.4755621
111,108,1965,1.0419283
111,108,1966,1.443744
111,108,1967,1.6355587
111,108,1968,1.825956
111,108,1969,0.60449135
111,108,1970,2.0046146
111,108,1971,1.1974411
111,108,1972,1.0922549
111,108,1973,1.482004
111,108,1974,1.9646752
111,108,1975,1.1705604
111,108,1976,2.0330653
111,108,1977,1.0581217
111,108,1978,0.47880018
111,108,1980,1.1451595
111,108,1981,1.3367388
111,108,1982,0.95552415
111,108,1983,0.47822177
111,108,1984,0.5743111
111,108,1985,0.7657063
111,108,1986,0.956118
111,108,1987,1.0500592
111,108,1988,1.0471075
111,108,1989,1.3270633
111,108,1990,1.3216624
111,108,1993,1.6891353
111,108,1994,1.6898378
111,108,1995,1.5048314
111,108,1996,2.4521108
111,108,1997,2.1738248
111,108,1998,2.555879
111,108,1999,1.8959951
111,108,2000,2.941997
111,108,2001,2.756903
111,108,2002,2.5728278
111,108,2003,2.0065644
111,108,2004,1.7253245
111,108,2005,2.1165142
111,108,2006,1.4493034
111,108,2007,2.2314801
111,108,2008,2.6328568
111,108,2009,1.1780043
111,108,2010,3.161618
111,108,2012,3.501877
111,108,2013,2.4164488
111,108,2014,3.750512
111,108,2015,3.3685982
111,108,2016,3.702108
111,108,2017,4.8799176
111,108,2018,5.3604536
111,108,2019,4.905369
112,110,1981,0.8934858
112,110,1982,1.4673228
112,110,1985,0.6957495
112,110,1986,0.6790332
112,110,1987,0.43437746
112,110,1988,0.6958858
112,110,1989,0.86669636
112,110,1990,0.9339892
112,110,1991,1.0352443
112,110,1992,0.9298149
112,110,1993,0.8212556
112,110,1994,0.62952447
112,110,1995,0.63721216
112,110,1996,0.86139745
112,110,1997,0.63945925
112,110,1998,0.5333892
112,110,1999,0.45544553
112,110,2000,0.5642589
112,110,2001,0.6061709
112,110,2002,0.5896453
112,110,2003,0.34616646
112,110,2004,0.5341761
112,110,2005,0.5030588
112,110,2009,0.26805484
112,110,2010,0.38065863
112,110,2011,0.3120806
112,110,2012,0.28660655
112,110,2013,0.28649232
112,110,2014,0.26817667
112,110,2015,0.35248673
112,110,2016,0.28992414
112,110,2017,0.16881046
112,110,2018,0.19130965
112,110,2019,0.2202574
113,112,1955,1.062719
113,112,1956,1.0448298
113,112,1957,0.8799219
113,112,1958,1.3128264
113,112,1959,1.5751401
113,112,1960,1.5357162
113,112,1961,1.8319815
113,112,1962,1.8853983
113,112,1963,2.7085004
113,112,1964,2.1485417
113,112,1965,1.7342359
113,112,1966,1.5564957
113,112,1967,1.6442506
113,112,1968,2.0064285
113,112,1969,2.1090539
113,112,1970,1.772199
113,112,1971,1.8478563
113,112,1972,2.1725621
113,112,1973,2.3243837
113,112,1974,2.540737
113,112,1975,2.3892148
113,112,1976,2.366026
113,112,1977,2.43698
113,112,1978,2.3888931
113,112,1979,2.7371485
113,112,1980,3.5705523
113,112,1981,2.7309887
113,112,1982,3.3176315
113,112,1983,3.435195
113,112,1985,2.803447
113,112,1986,2.6984477
113,112,1987,2.265854
113,112,1988,2.9938712
113,112,1989,4.8981547
113,112,1990,5.423851
113,112,1992,5.592037
113,112,1993,6.85167
113,112,1994,6.9198236
113,112,1996,6.9339647
113,112,1997,5.671698
113,112,1998,5.0421066
113,112,1999,7.0194087
113,112,2000,10.887972
113,112,2001,11.080184
113,112,2002,12.946283
113,112,2003,14.072544
113,112,2004,11.86167
113,112,2005,11.943115
113,112,2006,13.879785
113,112,2007,14.958843
113,112,2008,16.535282
113,112,2009,15.374014
113,112,2010,14.840651
113,112,2011,14.024158
113,112,2012,15.852173
113,112,2013,13.967589
113,112,2014,14.459981
113,112,2015,16.893404
113,112,2016,19.935886
